{
    "pools": [
        {
            "rolls": {
                "min": 2,
                "max": 10
            },
            "bonus_rolls": 0,
            "entries": [
                {
                    "type": "item",
                    "weight": 2,
                    "functions": [
                        {
                            "function": "specific_enchants",
                            "enchants": [
                                {
                                    "id": "swift_sneak",
                                    "level": [
                                        1
                                    ]
                                }
                            ]
                        }
                    ],
                    "name": "minecraft:book"
                },
                {
                    "type": "item",
                    "weight": 2,
                    "functions": [
                        {
                            "function": "set_count",
                            "count": {
                                "min": 1,
                                "max": 2.0
                            },
                            "add": true
                        }
                    ],
                    "name": "minecraft:diamond"
                },
                {
                    "type": "item",
                    "weight": 2,
                    "name": "minecraft:allay_spawn_egg"
                },
                {
                    "type": "item",
                    "weight": 5,
                    "functions": [
                        {
                            "function": "set_count",
                            "count": {
                                "min": 1,
                                "max": 3
                            },
                            "add": true
                        }
                    ],
                    "name": "minecraft:gold_block"
                },
                {
                    "type": "item",
                    "weight": 7,
                    "functions": [
                        {
                            "function": "set_count",
                            "count": {
                                "min": 1,
                                "max": 3.0
                            },
                            "add": true
                        },
                        {
                            "function": "set_data",
                            "data": 22
                        }
                    ],
                    "name": "minecraft:splash_potion"
                },
                {
                    "type": "item",
                    "weight": 10,
                    "functions": [
                        {
                            "function": "enchant_randomly"
                        }
                    ],
                    "name": "minecraft:diamond_helmet"
                },
                {
                    "type": "item",
                    "weight": 10,
                    "functions": [
                        {
                            "function": "enchant_randomly"
                        }
                    ],
                    "name": "minecraft:diamond_chestplate"
                },
                {
                    "type": "item",
                    "weight": 10,
                    "functions": [
                        {
                            "function": "enchant_randomly"
                        }
                    ],
                    "name": "minecraft:diamond_leggings"
                },
                {
                    "type": "item",
                    "weight": 10,
                    "functions": [
                        {
                            "function": "enchant_randomly"
                        }
                    ],
                    "name": "minecraft:diamond_boots"
                },
                {
                    "type": "item",
                    "weight": 10,
                    "functions": [
                        {
                            "function": "enchant_randomly"
                        }
                    ],
                    "name": "minecraft:diamond_axe"
                },
                {
                    "type": "item",
                    "weight": 10,
                    "functions": [
                        {
                            "function": "enchant_randomly"
                        }
                    ],
                    "name": "minecraft:diamond_shovel"
                },
                {
                    "type": "item",
                    "weight": 10,
                    "functions": [
                        {
                            "function": "enchant_randomly"
                        }
                    ],
                    "name": "minecraft:diamond_pickaxe"
                },
                {
                    "type": "item",
                    "weight": 10,
                    "functions": [
                        {
                            "function": "enchant_randomly"
                        }
                    ],
                    "name": "minecraft:diamond_hoe"
                },
                {
                    "type": "item",
                    "weight": 10,
                    "functions": [
                        {
                            "function": "enchant_randomly"
                        }
                    ],
                    "name": "minecraft:diamond_sword"
                },
                {
                    "type": "item",
                    "weight": 10,
                    "functions": [
                        {
                            "function": "set_count",
                            "count": {
                                "min": 4,
                                "max": 10.0
                            },
                            "add": true
                        }
                    ],
                    "name": "minecraft:echo_shard"
                },
                {
                    "type": "item",
                    "weight": 10,
                    "functions": [
                        {
                            "function": "set_count",
                            "count": {
                                "min": 1,
                                "max": 4
                            },
                            "add": true
                        }
                    ],
                    "name": "minecraft:iron_block"
                },
                {
                    "type": "item",
                    "weight": 5,
                    "functions": [
                        {
                            "function": "set_count",
                            "count": {
                                "min": 1,
                                "max": 2
                            },
                            "add": true
                        }
                    ],
                    "name": "minecraft:golden_apple"
                },
                {
                    "type": "item",
                    "weight": 10,
                    "functions": [
                        {
                            "function": "set_count",
                            "count": {
                                "min": 6,
                                "max": 18
                            },
                            "add": true
                        }
                    ],
                    "name": "minecraft:deepslate"
                },
                {
                    "type": "item",
                    "weight": 10,
                    "functions": [
                        {
                            "function": "set_count",
                            "count": {
                                "min": 1,
                                "max": 3
                            },
                            "add": true
                        }
                    ],
                    "name": "minecraft:skull"
                },
                {
                    "type": "item",
                    "weight": 5,
                    "functions": [
                        {
                            "function": "set_count",
                            "count": {
                                "min": 1,
                                "max": 1
                            },
                            "add": true
                        }
                    ],
                    "name": "minecraft:disc_fragment_5"
                }
            ]
        }
    ]
}