{
    "pools": [
        {
            "rolls": 1,
            "entries": [
                {
                    "type": "item",
                    "weight": 6,
                    "functions": [
                        {
                            "function": "minecraft:set_damage",
                            "damage": {
                                "min": 0.95,
                                "max": 1
                            }
                        },
                        {
                            "function": "enchant_randomly"
                        }
                    ],
                    "name": "minecraft:crossbow"
                },
                {
                    "type": "item",
                    "weight": 6,
                    "functions": [
                        {
                            "function": "enchant_randomly"
                        }
                    ],
                    "name": "minecraft:diamond_pickaxe"
                },
                {
                    "type": "item",
                    "weight": 6,
                    "name": "minecraft:diamond_shovel"
                },
                {
                    "type": "item",
                    "weight": 1,
                    "functions": [
                        {
                            "function": "set_count",
                            "count": 1
                        }
                    ],
                    "name": "minecraft:netherite_block"
                },
                {
                    "type": "item",
                    "weight": 4,
                    "functions": [
                        {
                            "function": "set_count",
                            "count": 2
                        }
                    ],
                    "name": "minecraft:netherite_scrap"
                },
                {
                    "type": "item",
                    "weight": 10,
                    "functions": [
                        {
                            "function": "set_count",
                            "count": {
                                "min": 48,
                                "max": 92
                            }
                        }
                    ],
                    "name": "minecraft:arrow"
                },
                {
                    "type": "item",
                    "weight": 12,
                    "functions": [
                        {
                            "function": "set_count",
                            "count": {
                                "min": 32,
                                "max": 32
                            }
                        }
                    ],
                    "name": "minecraft:golden_carrot"
                },
                {
                    "type": "item",
                    "weight": 9,
                    "functions": [
                        {
                            "function": "set_count",
                            "count": 1
                        },
                        {
                            "function": "set_data",
                            "data": 6
                        }
                    ],
                    "name": "minecraft:banner_pattern"
                },
                {
                    "type": "item",
                    "weight": 9,
                    "functions": [
                        {
                            "function": "set_count",
                            "count": 1
                        }
                    ],
                    "name": "minecraft:golden_apple"
                },
                {
                    "type": "item",
                    "weight": 5,
                    "functions": [
                        {
                            "function": "set_count",
                            "count": 1
                        }
                    ],
                    "name": "minecraft:record_pigstep"
                },
                {
                    "type": "item",
                    "weight": 10,
                    "functions": [
                        {
                            "function": "specific_enchants",
                            "enchants": [
                                {
                                    "id": "soul_speed",
                                    "level": [
                                        3,
                                        3
                                    ]
                                }
                            ]
                        }
                    ],
                    "name": "minecraft:book"
                }
            ]
        },
		{
                    "type": "item",
                    "weight": 10,
                    "functions": [
                        {
                            "function": "specific_enchants",
                            "enchants": [
                                {
                                    "id": "fire_protection",
                                    "level": [
                                        3,
                                        4
                                    ]
                                }
                            ]
                        }
                    ],
                    "name": "minecraft:book"
                }
            ]
        },
        {
            "rolls": 2,
            "entries": [
                {
                    "type": "item",
                    "functions": [
                        {
                            "function": "set_count",
                            "count": 1
                        },
                        {
                            "function": "specific_enchants",
                            "enchants": [
                                {
                                    "id": "soul_speed",
                                    "level": [
                                        1,
                                        3
                                    ]
                                }
                            ]
                        }
                    ],
                    "name": "minecraft:iron_boots",
                    "weight": 1
                },
				{
            "rolls": 2,
            "entries": [
                {
                    "type": "item",
                    "functions": [
                        {
                            "function": "set_count",
                            "count": 1
                        },
                        {
                            "function": "specific_enchants",
                            "enchants": [
                                {
                                    "id": "fire_protection",
                                    "level": [
                                        3,
                                        4
                                    ]
                                }
                            ]
                        }
                    ],
                    "name": "minecraft:iron_boots",
                    "weight": 1
                },
                {
                    "type": "item",
                    "weight": 1,
                    "functions": [
                        {
                            "function": "enchant_randomly"
                        }
                    ],
                    "name": "minecraft:iron_axe"
                },
                {
                    "type": "item",
                    "functions": [
                        {
                            "function": "set_count",
                            "count": 1
                        }
                    ],
                    "name": "minecraft:gold_block",
                    "weight": 1
                },
                {
                    "type": "item",
                    "functions": [
                        {
                            "function": "set_count",
                            "count": 1
                        }
                    ],
                    "name": "minecraft:iron_block",
                    "weight": 1
                },
                {
                    "type": "item",
                    "functions": [
                        {
                            "function": "set_count",
                            "count": 1
                        }
                    ],
                    "name": "minecraft:bow",
                    "weight": 1
                },
                {
                    "type": "item",
                    "weight": 6,
                    "functions": [
                        {
                            "function": "minecraft:set_damage",
                            "damage": {
                                "min": 0.95,
                                "max": 1
                            }
                        },
                        {
                            "function": "enchant_randomly"
                        }
                    ],
                    "name": "minecraft:iron_sword"
                },
                {
                    "type": "item",
                    "functions": [
                        {
                            "function": "set_count",
                            "count": {
                                "min": 10,
                                "max": 60
                            }
                        }
                    ],
                    "name": "minecraft:gold_ingot",
                    "weight": 1
                },
                {
                    "type": "item",
                    "functions": [
                        {
                            "function": "set_count",
                            "count": {
                                "min": 50,
                                "max": 60
                            }
                        }
                    ],
                    "name": "minecraft:iron_ingot",
                    "weight": 1
                },
                {
                    "type": "item",
                    "functions": [
                        {
                            "function": "set_count",
                            "count": 1
                        }
                    ],
                    "name": "minecraft:iron_sword",
                    "weight": 1
                },
                {
                    "type": "item",
                    "functions": [
                        {
                            "function": "set_count",
                            "count": 1
                        }
                    ],
                    "name": "minecraft:iron_chestplate",
                    "weight": 1
                },
                {
                    "type": "item",
                    "functions": [
                        {
                            "function": "set_count",
                            "count": 1
                        }
                    ],
                    "name": "minecraft:iron_helmet",
                    "weight": 1
                },
                {
                    "type": "item",
                    "functions": [
                        {
                            "function": "set_count",
                            "count": 1
                        }
                    ],
                    "name": "minecraft:iron_leggings",
                    "weight": 1
                },
                {
                    "type": "item",
                    "functions": [
                        {
                            "function": "set_count",
                            "count": 1
                        }
                    ],
                    "name": "minecraft:iron_boots",
                    "weight": 1
                },
                {
                    "type": "item",
                    "functions": [
                        {
                            "function": "set_count",
                            "count": {
                                "min": 4,
                                "max": 8
                            }
                        }
                    ],
                    "name": "minecraft:crying_obsidian",
                    "weight": 1
                }
            ]
        },
        {
            "rolls": {
                "min": 3,
                "max": 5
            },
            "entries": [
                {
                    "type": "item",
                    "functions": [
                        {
                            "function": "set_count",
                            "count": {
                                "min": 10,
                                "max": 12
                            }
                        }
                    ],
                    "name": "minecraft:nether_gold_ore",
                    "weight": 2
                },
                {
                    "type": "item",
                    "functions": [
                        {
                            "function": "set_count",
                            "count": {
                                "min": 0,
                                "max": 1
                            }
                        }
                    ],
                    "name": "minecraft:diamond_block",
                    "weight": 1
                },
                {
                    "type": "item",
                    "functions": [
                        {
                            "function": "set_count",
                            "count": {
                                "min": 0,
                                "max": 2
                            }
                        }
                    ],
                    "name": "minecraft:mamga_cube_spawn_egg",
                    "weight": 2
                },
                {
                    "type": "item",
                    "functions": [
                        {
                            "function": "set_count",
                            "count": {
                                "min": 0,
                                "max": 1
                            }
                        }
                    ],
                    "name": "minecraft:nether_star",
                    "weight": 1
                },
                {
                    "type": "item",
                    "functions": [
                        {
                            "function": "set_count",
                            "count": {
                                "min": 75,
                                "max": 90
                            }
                        }
                    ],
                    "name": "minecraft:raw_iron",
                    "weight": 1
                },
                {
                    "type": "item",
                    "functions": [
                        {
                            "function": "set_count",
                            "count": {
                                "min": 14,
                                "max": 14
                            }
                        }
                    ],
                    "name": "minecraft:obsidian",
                    "weight": 1
                },
                {
                    "type": "item",
                    "functions": [
                        {
                            "function": "set_count",
                            "count": {
                                "min": 20,
                                "max": 80
                            }
                        }
                    ],
                    "name": "minecraft:raw_gold",
                    "weight": 1
                },
                {
                    "type": "item",
                    "functions": [
                        {
                            "function": "set_count",
                            "count": {
                                "min": 12,
                                "max": 32
                            }
                        }
                    ],
                    "name": "minecraft:nether_wart",
                    "weight": 1
                },
                {
                    "type": "item",
                    "weight": 2,
                    "functions": [
                        {
                            "function": "set_count",
                            "count": {
                                "min": 32,
                                "max": 32
                            }
                        }
                    ],
                    "name": "minecraft:arrow"
                },
                {
                    "type": "item",
                    "weight": 1,
                    "functions": [
                        {
                            "function": "set_count",
                            "count": 1
                        }
                    ],
                    "name": "minecraft:cooked_porkchop"
                }
            ]
        }
    ]
}