{
    "pools": [
        {
            "rolls": 1,
            "entries": [
                {
                    "type": "item",
                    "functions": [
                        {
                            "function": "set_count",
                            "count": 1
                        }
                    ],
                    "name": "minecraft:lodestone"
                }
            ]
        },
        {
            "rolls": {
                "min": 1,
                "max": 2
            },
            "entries": [
                {
                    "type": "item",
                    "functions": [
                        {
                            "function": "minecraft:set_damage",
                            "damage": {
                                "min": 0.95,
                                "max": 1
                            }
                        },
                        {
                            "function": "enchant_randomly"
                        }
                    ],
                    "name": "minecraft:crossbow",
                    "weight": 1
                },
                {
                    "type": "item",
                    "functions": [
                        {
                            "function": "set_count",
                            "count": {
                                "min": 16,
                                "max": 18
                            }
                        }
                    ],
                    "name": "minecraft:arrow",
                    "weight": 1
                },
                {
                    "type": "item",
                    "functions": [
                        {
                            "function": "set_count",
                            "count": {
                                "min": 8,
                                "max": 12
                            }
                        }
                    ],
                    "name": "minecraft:gold_nugget",
                    "weight": 1
                },
                {
                    "type": "item",
                    "functions": [
                        {
                            "function": "set_count",
                            "count": {
                                "min": 4,
                                "max": 14
                            }
                        }
                    ],
                    "name": "minecraft:obsidian",
                    "weight": 1
                },
                {
                    "type": "item",
                    "functions": [
                        {
                            "function": "set_count",
                            "count": 1
                        }
                    ],
                    "name": "minecraft:gold_block",
                    "weight": 1
                },
                {
                    "type": "item",
                    "functions": [
                        {
                            "function": "set_count",
                            "count": {
                                "min": 20,
                                "max": 60
                            }
                        }
                    ],
                    "name": "minecraft:blackstone",
                    "weight": 1
                },
                {
                    "type": "item",
                    "functions": [
                        {
                            "function": "set_count",
                            "count": {
                                "min": 12,
                                "max": 16
                            }
                        }
                    ],
                    "name": "minecraft:iron_ingot",
                    "weight": 1
                },
                {
                    "type": "item",
                    "functions": [
                        {
                            "function": "set_count",
                            "count": 1
                        }
                    ],
                    "name": "minecraft:iron_sword",
                    "weight": 1
                },
                {
                    "type": "item",
                    "functions": [
                        {
                            "function": "set_count",
                            "count": 1
                        },
                        {
                            "function": "enchant_randomly"
                        }
                    ],
                    "name": "minecraft:iron_chestplate",
                    "weight": 1
                },
                {
                    "type": "item",
                    "functions": [
                        {
                            "function": "set_count",
                            "count": 1
                        },
                        {
                            "function": "enchant_randomly"
                        }
                    ],
                    "name": "minecraft:iron_helmet",
                    "weight": 1
                },
                {
                    "type": "item",
                    "functions": [
                        {
                            "function": "set_count",
                            "count": 1
                        },
                        {
                            "function": "enchant_randomly"
                        }
                    ],
                    "name": "minecraft:iron_leggings",
                    "weight": 1
                },
                {
                    "type": "item",
                    "functions": [
                        {
                            "function": "set_count",
                            "count": 1
                        },
                        {
                            "function": "enchant_randomly"
                        }
                    ],
                    "name": "minecraft:iron_boots",
                    "weight": 1
                },
                {
                    "type": "item",
                    "functions": [
                        {
                            "function": "set_count",
                            "count": 1
                        },
                        {
                            "function": "enchant_randomly"
                        }
                    ],
                    "name": "minecraft:iron_axe",
                    "weight": 1
                }
            ]
        },
        {
            "rolls": {
                "min": 2,
                "max": 4
            },
            "entries": [
                {
                    "type": "item",
                    "functions": [
                        {
                            "function": "set_count",
                            "count": {
                                "min": 1,
                                "max": 6
                            }
                        }
                    ],
                    "name": "minecraft:gilded_blackstone",
                    "weight": 1
                },
                {
                    "type": "item",
                    "functions": [
                        {
                            "function": "set_count",
                            "count": {
                                "min": 1,
                                "max": 5
                            }
                        }
                    ],
                    "name": "minecraft:diamond",
                    "weight": 1
                },
                {
                    "type": "item",
                    "functions": [
                        {
                            "function": "set_count",
                            "count": {
                                "min": 1,
                                "max": 3
                            }
                        }
                    ],
                    "name": "minecraft:golden_apple",
                    "weight": 6
                },
                {
                    "type": "item",
                    "functions": [
                        {
                            "function": "set_count",
                            "count": {
                                "min": 0,
                                "max": 1
                            }
                        }
                    ],
                    "name": "minecraft:enchanted_golden_apple",
                    "weight": 1
                },
                {
                    "type": "item",
                    "functions": [
                        {
                            "function": "set_count",
                            "count": {
                                "min": 0,
                                "max": 1
                            }
                        }
                    ],
                    "name": "minecraft:ancient_debris",
                    "weight": 1
                }
            ]
        }
    ]
}