{
    "pools": [
        {
            "rolls": 1,
            "entries": [
                {
                    "type": "item",
                    "weight": 15,
                    "functions": [
                        {
                            "function": "minecraft:set_damage",
                            "damage": {
                                "min": 0.95,
                                "max": 1
                            }
                        },
                        {
                            "function": "enchant_randomly"
                        }
                    ],
                    "name": "minecraft:diamond_shovel"
                },
                {
                    "type": "item",
                    "weight": 8,
                    "functions": [
                        {
                            "function": "set_count",
                            "count": 1
                        }
                    ],
                    "name": "minecraft:netherite_scrap"
                },
                {
                    "type": "item",
                    "weight": 5,
                    "functions": [
                        {
                            "function": "set_count",
                            "count": 1
                        }
                    ],
                    "name": "minecraft:piglin_brute_spawn_egg"
                },
                {
                    "type": "item",
                    "weight": 12,
                    "functions": [
                        {
                            "function": "set_count",
                            "count": 1
                        }
                    ],
                    "name": "minecraft:diamond_block"
                },
                {
                    "type": "item",
                    "weight": 16,
                    "functions": [
                        {
                            "function": "set_count",
                            "count": {
                                "min": 2,
                                "max": 4
                            }
                        }
                    ],
                    "name": "minecraft:lava_bucket"
                },
                {
                    "type": "item",
                    "weight": 12,
                    "functions": [
                        {
                            "function": "set_count",
                            "count": 1
                        },
                        {
                            "function": "minecraft:set_damage",
                            "damage": {
                                "min": 0.95,
                                "max": 1
                            }
                        }
                    ],
                    "name": "minecraft:diamond_pickaxe"
                },
                {
                    "type": "item",
                    "weight": 10,
                    "functions": [
                        {
                            "function": "set_count",
                            "count": {
                                "min": 0,
                                "max": 4
                            }
                        }
                    ],
                    "name": "minecraft:golden_carrot"
                },
                {
                    "type": "item",
                    "weight": 1,
                    "functions": [
                        {
                            "function": "set_count",
                            "count": 1
                        }
                    ],
                    "name": "minecraft:enchanted_golden_apple"
                }
            ]
        },
        {
            "rolls": {
                "min": 1,
                "max": 2
            },
            "entries": [
                {
                    "type": "item",
                    "functions": [
                        {
                            "function": "set_count",
                            "count": {
                                "min": 2,
                                "max": 14
                            }
                        }
                    ],
                    "name": "minecraft:arrow",
                    "weight": 1
                },
                {
                    "type": "item",
                    "functions": [
                        {
                            "function": "set_count",
                            "count": {
                                "min": 5,
                                "max": 10
                            }
                        }
                    ],
                    "name": "minecraft:gold_nugget",
                    "weight": 1
                },
                {
                    "type": "item",
                    "functions": [
                        {
                            "function": "set_count",
                            "count": {
                                "min": 12,
                                "max": 28
                            }
                        }
                    ],
                    "name": "minecraft:nether_wart",
                    "weight": 1
                },
                {
                    "type": "item",
                    "functions": [
                        {
                            "function": "set_count",
                            "count": {
                                "min": 2,
                                "max": 8
                            }
                        }
                    ],
                    "name": "minecraft:crimson_nylium",
                    "weight": 1
                },
                {
                    "type": "item",
                    "functions": [
                        {
                            "function": "set_count",
                            "count": {
                                "min": 2,
                                "max": 8
                            }
                        }
                    ],
                    "name": "minecraft:gold_ingot",
                    "weight": 1
                },
                {
                    "type": "item",
                    "functions": [
                        {
                            "function": "set_count",
                            "count": {
                                "min": 6,
                                "max": 12
                            }
                        }
                    ],
                    "name": "minecraft:iron_ingot",
                    "weight": 1
                },
                {
                    "type": "item",
                    "functions": [
                        {
                            "function": "set_count",
                            "count": {
                                "min": 5,
                                "max": 17
                            }
                        }
                    ],
                    "name": "minecraft:gilded_blackstone",
                    "weight": 1
                },
                {
                    "type": "item",
                    "functions": [
                        {
                            "function": "set_count",
                            "count": {
                                "min": 8,
                                "max": 8
                            }
                        }
                    ],
                    "name": "minecraft:netherrack",
                    "weight": 1
                },
                {
                    "type": "item",
                    "functions": [
                        {
                            "function": "set_count",
                            "count": {
                                "min": 2,
                                "max": 8
                            }
                        }
                    ],
                    "name": "minecraft:cooked_porkchop",
                    "weight": 1
                },
                {
                    "type": "item",
                    "functions": [
                        {
                            "function": "set_count",
                            "count": {
                                "min": 2,
                                "max": 12
                            }
                        }
                    ],
                    "name": "minecraft:hoglin_spawn_egg",
                    "weight": 1
                },
                {
                    "type": "item",
                    "functions": [
                        {
                            "function": "set_count",
                            "count": {
                                "min": 0,
                                "max": 2
                            }
                        }
                    ],
                    "name": "minecraft:crimson_fungus",
                    "weight": 1
                },
                {
                    "type": "item",
                    "functions": [
                        {
                            "function": "set_count",
                            "count": {
                                "min": 2,
                                "max": 7
                            }
                        }
                    ],
                    "name": "minecraft:crimson_stem",
                    "weight": 1
                },
                {
                    "type": "item",
                    "functions": [
                        {
                            "function": "set_count",
                            "count": {
                                "min": 10,
                                "max": 10
                            }
                        }
                    ],
                    "name": "minecraft:flint_and_steel",
                    "weight": 1
                },
                {
                    "type": "item",
                    "weight": 1,
                    "functions": [
                        {
                            "function": "enchant_randomly"
                        }
                    ],
                    "name": "minecraft:iron_axe"
                }
            ]
        }
    ]
}