{
  "pools": [
    {
      "rolls": 1,
      "entries": [
        {
          "type": "item",
          "name": "minecraft:heart_of_the_sea"
        }
      ]
    },
    {
      "rolls": {
        "min": 1,
        "max": 10
      },
      "entries": [
        {
          "type": "item",
          "name": "minecraft:prismarine_shard",
          "functions": [
            {
              "function": "set_count",
              "count": {
                "min": 3,
                "max": 6
              }
            }
          ],
          "weight": 5
        },
        {
          "type": "item",
          "name": "minecraft:iron_ingot",
          "functions": [
            {
              "function": "set_count",
              "count": {
                "min": 12,
                "max": 24
              }
            }
          ],
          "weight": 20
        },
        {
          "type": "item",
          "name": "minecraft:gold_ingot",
          "functions": [
            {
              "function": "set_count",
              "count": {
                "min": 4,
                "max": 8
              }
            }
          ],
          "weight": 10
        },
        {
          "type": "item",
          "name": "minecraft:bedrock",
          "functions": [
            {
              "function": "set_count",
              "count": {
                "min": 1,
                "max": 2
              }
            }
          ],
          "weight": 10
        },
        {
          "type": "item",
          "name": "minecraft:emerald",
          "functions": [
            {
              "function": "set_count",
              "count": {
                "min": 4,
                "max": 12
              }
            }
          ],
          "weight": 15
        },
        {
          "type": "item",
          "name": "minecraft:obsidian",
          "weight": 10
        },
        {
          "type": "item",
          "name": "minecraft:diamond",
          "functions": [
            {
              "function": "set_count",
              "count": {
                "min": 1,
                "max": 4
              }
            }
          ],
          "weight": 5
        },
        {
          "type": "item",
          "name": "minecraft:copper_ingot",
          "functions": [
            {
              "function": "set_count",
              "count": {
                "min": 12,
                "max": 46
              }
            }
          ],
          "weight": 5
        },
        {
          "type": "item",
          "name": "minecraft:book",
          "weight": 5,
          "functions": [
            {
              "function": "enchant_randomly"
            }
          ]
        },
        {
          "type": "item",
          "name": "minecraft:experience_bottle",
          "weight": 3
        }
      ]
    }
  ]
}