{
  "pools": [
    {
      "rolls": {
        "min": 2,
        "max": 4
      },
      "entries": [
        {
          "type": "item",
          "name": "minecraft:diamond",
          "functions": [
            {
              "function": "set_count",
              "count": {
                "min": 4,
                "max": 6
              }
            }
          ],
          "weight": 5
        },
        {
          "type": "item",
          "name": "minecraft:iron_ingot",
          "functions": [
            {
              "function": "set_count",
              "count": {
                "min": 10,
                "max": 14
              }
            }
          ],
          "weight": 15
        },
        {
          "type": "item",
          "name": "minecraft:gold_ingot",
          "functions": [
            {
              "function": "set_count",
              "count": {
                "min": 4,
                "max": 8
              }
            }
          ],
          "weight": 15
        },
        {
          "type": "item",
          "name": "minecraft:emerald",
          "functions": [
            {
              "function": "set_count",
              "count": {
                "min": 1,
                "max": 8
              }
            }
          ],
          "weight": 15
        },
        {
          "type": "item",
          "name": "minecraft:copper_ingot",
          "functions": [
            {
              "function": "set_count",
              "count": {
                "min": 8,
                "max": 16
              }
            }
          ],
          "weight": 25
        },
        {
          "type": "item",
          "name": "minecraft:lapis_lazuli",
          "functions": [
            {
              "function": "set_count",
              "count": {
                "min": 3,
                "max": 6
              }
            }
          ],
          "weight": 25
        },
        {
          "type": "item",
          "name": "minecraft:golden_carrot",
          "functions": [
            {
              "function": "set_count",
              "count": {
                "min": 1,
                "max": 2
              }
            }
          ],
          "weight": 12
        },
        {
          "type": "item",
          "name": "minecraft:book",
          "weight": 20,
          "functions": [
            {
              "function": "enchant_randomly"
            }
          ]
        },
        {
          "type": "item",
          "name": "minecraft:golden_apple",
          "weight": 5
        },
        {
          "type": "item",
          "name": "minecraft:enchated_golden_apple",
          "weight": 2
        },
        {
          "type": "empty",
          "weight": 15
        }
      ]
    },
    {
      "rolls": 4,
      "entries": [
        {
          "type": "item",
          "name": "minecraft:bone",
          "weight": 10,
          "functions": [
            {
              "function": "set_count",
              "count": {
                "min": 5,
                "max": 6
              }
            }
          ]
        },
        {
          "type": "item",
          "name": "minecraft:gunpowder",
          "weight": 10,
          "functions": [
            {
              "function": "set_count",
              "count": {
                "min": 4,
                "max": 7
              }
            }
          ]
        },
        {
          "type": "item",
          "name": "minecraft:rotten_flesh",
          "weight": 10,
          "functions": [
            {
              "function": "set_count",
              "count": {
                "min": 10,
                "max": 12
              }
            }
          ]
        },
        {
          "type": "item",
          "name": "minecraft:string",
          "weight": 10,
          "functions": [
            {
              "function": "set_count",
              "count": {
                "min": 3,
                "max": 6
              }
            }
          ]
        }
      ]
    }
  ]
}