{
  "pools": [
    {
      "rolls": {
        "min": 1,
        "max": 10
      },
      "entries": [
        {
          "type": "item",
          "name": "minecraft:diamond",
          "weight": 5,
          "functions": [
            {
              "function": "set_count",
              "count": {
                "min": 4,
                "max": 6
              }
            }
          ]
        },
        {
          "type": "item",
          "name": "minecraft:netherite_scrap",
          "weight": 2,
          "functions": [
            {
              "function": "set_count",
              "count": {
                "min": 1,
                "max": 2
              }
            }
          ]
        },
        {
          "type": "item",
          "name": "minecraft:gold_block",
          "weight": 15,
          "functions": [
            {
              "function": "set_count",
              "count": {
                "min": 1,
                "max": 2
              }
            }
          ]
        },
        {
          "type": "item",
          "name": "minecraft:emerald_block",
          "weight": 10,
          "functions": [
            {
              "function": "set_count",
              "count": {
                "min": 2,
                "max": 4
              }
            }
          ]
        },
        {
          "type": "item",
          "name": "minecraft:enderman_spawn_egg",
          "weight": 8,
          "functions": [
            {
              "function": "set_count",
              "count": {
                "min": 1,
                "max": 1
              }
            }
          ]
        },
        {
          "type": "item",
          "name": "minecraft:enchanted_golden_apple",
          "weight": 1,
          "functions": [
            {
              "function": "set_count",
              "count": {
                "min": 1,
                "max": 1
              }
            }
          ]
        },
        {
          "type": "item",
          "name": "minecraft:shulker_spawn_egg",
          "weight": 8,
          "functions": [
            {
              "function": "set_count",
              "count": {
                "min": 1,
                "max": 1
              }
            }
          ]
        },
        {
          "type": "item",
          "name": "minecraft:diamond_sword",
          "weight": 5,
          "functions": [
            {
              "function": "enchant_with_levels",
              "treasure": true,
              "levels": {
                "min": 30,
                "max": 30
              }
            }
          ]
        },
        {
          "type": "item",
          "name": "minecraft:elytra",
          "weight": 2,
          "functions": [
            {
              "function": "enchant_with_levels",
              "treasure": true,
              "levels": {
                "min": 30,
                "max": 30
              }
            }
          ]
        },
        {
          "type": "item",
          "name": "minecraft:netherite_boots",
          "weight": 5,
          "functions": [
            {
              "function": "enchant_with_levels",
              "treasure": true,
              "levels": {
                "min": 30,
                "max": 30
              }
            }
          ]
        },
        {
          "type": "item",
          "name": "minecraft:diamond_shovel",
          "weight": 5,
          "functions": [
            {
              "function": "enchant_with_levels",
              "treasure": true,
              "levels": {
                "min": 30,
                "max": 30
              }
            }
          ]
        },
        {
          "type": "item",
          "name": "minecraft:netherite_chestplate",
          "weight": 1,
          "functions": [
            {
              "function": "enchant_with_levels",
              "treasure": true,
              "levels": {
                "min": 30,
                "max": 30
              }
            }
          ]
        },
        {
          "type": "item",
          "name": "minecraft:netherite_leggings",
          "weight": 1,
          "functions": [
            {
              "function": "enchant_with_levels",
              "treasure": true,
              "levels": {
                "min": 30,
                "max": 30
              }
            }
          ]
        },
        {
          "type": "item",
          "name": "minecraft:netherite_helmet",
          "weight": 1,
          "functions": [
            {
              "function": "enchant_with_levels",
              "treasure": true,
              "levels": {
                "min": 30,
                "max": 30
              }
            }
          ]
        }
      ]
    }
  ]
}