{
  "pools": [
    {
      "rolls": {
        "min": 2,
        "max": 8
      },
      "entries": [
        {
          "type": "item",
          "name": "minecraft:apple",
          "weight": 15,
          "functions": [
            {
              "function": "minecraft:set_count",
              "count": {
                "min": 1,
                "max": 3
              }
            }
          ]
        },
        {
          "type": "item",
          "name": "minecraft:snowball",
          "weight": 15,
          "functions": [
            {
              "function": "minecraft:set_count",
              "count": {
                "min": 4,
                "max": 8
              }
            }
          ]
        },
        {
          "type": "item",
          "name": "minecraft:gold_ingot",
          "weight": 10,
          "functions": [
            {
              "function": "minecraft:set_count",
              "count": {
                "min": 1,
                "max": 2
              }
            }
          ]
        },
		{
          "type": "item",
          "name": "minecraft:chainmail_chestplate",
          "weight": 5,
          "functions": [
            {
              "function": "enchant_with_levels",
              "treasure": true,
              "levels": {
                "min": 1,
                "max": 10
              }
            }
          ]
        },
		{
          "type": "item",
          "name": "minecraft:chainmail_helmet",
          "weight": 5,
          "functions": [
            {
              "function": "enchant_with_levels",
              "treasure": true,
              "levels": {
                "min": 1,
                "max": 10
              }
            }
          ]
        },
		{
          "type": "item",
          "name": "minecraft:chainmail_boots",
          "weight": 5,
          "functions": [
            {
              "function": "enchant_with_levels",
              "treasure": true,
              "levels": {
                "min": 1,
                "max": 10
              }
            }
          ]
        },
		{
          "type": "item",
          "name": "minecraft:chainmail_leggings",
          "weight": 5,
          "functions": [
            {
              "function": "enchant_with_levels",
              "treasure": true,
              "levels": {
                "min": 1,
                "max": 10
              }
            }
          ]
        },
		{
          "type": "item",
          "name": "minecraft:stone_pickaxe",
          "weight": 5,
          "functions": [
            {
              "function": "enchant_with_levels",
              "treasure": true,
              "levels": {
                "min": 1,
                "max": 10
              }
            }
          ]
        },
		{
          "type": "item",
          "name": "minecraft:stone_shovel",
          "weight": 5,
          "functions": [
            {
              "function": "enchant_with_levels",
              "treasure": true,
              "levels": {
                "min": 1,
                "max": 10
              }
            }
          ]
        },
		{
          "type": "item",
          "name": "minecraft:stone_axe",
          "weight": 5,
          "functions": [
            {
              "function": "enchant_with_levels",
              "treasure": true,
              "levels": {
                "min": 1,
                "max": 10
              }
            }
          ]
        },
		{
          "type": "item",
          "name": "minecraft:stone_sword",
          "weight": 5,
          "functions": [
            {
              "function": "enchant_with_levels",
              "treasure": true,
              "levels": {
                "min": 1,
                "max": 10
              }
            }
          ]
        },
        {
          "type": "item",
          "name": "minecraft:leather",
          "weight": 10
        },
        {
          "type": "item",
          "name": "minecraft:emerald",
          "weight": 1
        },
        {
          "type": "item",
          "name": "minecraft:bread",
          "weight": 10,
          "functions": [
            {
              "function": "minecraft:set_count",
              "count": {
                "min": 1,
                "max": 3
              }
            }
          ]
        }
      ]
    },
    {
      "rolls": 1,
      "entries": [
        {
          "type": "item",
          "name": "minecraft:golden_apple",
          "weight": 1
        }
      ]
    }
  ]
}