{
  "pools": [
    {
      "rolls": 1,
      "entries": [
        {
          "type": "item",
          "name": "minecraft:iron_ingot",
          "functions": [
            {
              "function": "set_count",
              "count": {
                "min": 2,
                "max": 6
              }
            }
          ],
          "weight": 10
        },
        {
          "type": "item",
          "name": "minecraft:deepslate",
          "functions": [
            {
              "function": "set_count",
              "count": {
                "min": 2,
                "max": 16
              }
            }
          ],
          "weight": 10
        },
        {
          "type": "item",
          "name": "minecraft:emerald",
          "weight": 10
        },
        {
          "type": "item",
          "name": "minecraft:golden_apple",
          "weight": 10
        },
        {
          "type": "item",
          "name": "minecraft:glow_berries",
          "functions": [
            {
              "function": "set_count",
              "count": {
                "min": 6,
                "max": 10
              }
            }
          ],
          "weight": 10
        },
        {
          "type": "item",
          "name": "minecraft:gunpowder",
          "functions": [
            {
              "function": "set_count",
              "count": {
                "min": 4,
                "max": 6
              }
            }
          ],
          "weight": 10
        },
        {
          "type": "item",
          "name": "minecraft:string",
          "functions": [
            {
              "function": "set_count",
              "count": {
                "min": 4,
                "max": 6
              }
            }
          ],
          "weight": 10
        },
		{
          "type": "item",
          "name": "minecraft:sweet_berries",
          "functions": [
            {
              "function": "set_count",
              "count": {
                "min": 3,
                "max": 15
              }
            }
          ],
          "weight": 10
        },
		{
          "type": "item",
          "name": "minecraft:dripstone_block",
          "functions": [
            {
              "function": "set_count",
              "count": {
                "min": 4,
                "max": 8
              }
            }
          ],
          "weight": 10
        },
		{
          "type": "item",
          "name": "minecraft:pointed_dripstone",
          "functions": [
            {
              "function": "set_count",
              "count": {
                "min": 4,
                "max": 4
              }
            }
          ],
          "weight": 10
        },
        {
          "type": "item",
          "name": "minecraft:lava_bucket",
          "weight": 5
        },
        {
          "type": "item",
          "name": "minecraft:book",
          "weight": 1,
          "functions": [
            {
              "function": "enchant_randomly"
            }
          ]
        }
      ]
    }
  ]
}