{
  "pools": [
    {
      "rolls": {
        "min": 10,
        "max": 100
      },
      "entries": [
        {
          "type": "item",
          "name": "minecraft:diamond",
          "functions": [
            {
              "function": "set_count",
              "count": {
                "min": 6,
                "max": 10
              }
            }
          ],
          "weight": 5
        },
        {
          "type": "item",
          "name": "minecraft:iron_ingot",
          "functions": [
            {
              "function": "set_count",
              "count": {
                "min": 10,
                "max": 60
              }
            }
          ],
          "weight": 5
        },
        {
          "type": "item",
          "name": "minecraft:gold_ingot",
          "functions": [
            {
              "function": "set_count",
              "count": {
                "min": 20,
                "max": 80
              }
            }
          ],
          "weight": 15
        },
        {
          "type": "item",
          "name": "minecraft:flint_and_steel",
          "weight": 5
        },
        {
          "type": "item",
          "name": "minecraft:nether_wart",
          "functions": [
            {
              "function": "set_count",
              "count": {
                "min": 30,
                "max": 90
              }
            }
          ],
          "weight": 5
        },
        {
          "type": "item",
          "name": "minecraft:obsidian",
          "functions": [
            {
              "function": "set_count",
              "count": {
                "min": 14,
                "max": 14
              }
            }
          ],
          "weight": 2
        }
      ]
    }
  ]
}