{
  "pools": [
    {
      "rolls": {
        "min": 2,
        "max": 8
      },
      "entries": [    
        {
          "type": "item",
          "name": "minecraft:obsidian",
          "functions": [
            {
              "function": "set_count",
              "count": {
                "min": 4,
                "max": 6
              }
            }
          ],
          "weight": 40
        },
        {
          "type": "item",
          "name": "minecraft:diamond",
          "functions": [
            {
              "function": "set_count",
              "count": {
                "min": 1,
                "max": 4
              }
            }
          ],
          "weight": 40
        },
        {
          "type": "item",
          "name": "minecraft:iron_ingot",
          "functions": [
            {
              "function": "set_count",
              "count": {
                "min": 12,
                "max": 18
              }
            }
          ],
          "weight": 40
        },
        {
          "type": "item",
          "name": "minecraft:flint_and_steel",       
          "weight": 40
        },
        {
          "type": "item",
          "name": "minecraft:golden_carrot",         
          "weight": 40
        },
        {
          "type": "item",
          "name": "minecraft:golden_apple",   
          "weight": 15
        },
        {
          "type": "item",
          "name": "minecraft:gold_ingot",
          "functions": [
            {
              "function": "set_count",
              "count": {
                "min": 4,
                "max": 24
              }
            }
          ],
          "weight": 15
        },
        {
          "type": "item",
          "name": "minecraft:golden_sword",
          "functions": [
            {
              "function": "enchant_randomly"
            }
          ],
          "weight": 15
        },
        {
          "type": "item",
          "name": "minecraft:golden_axe",
          "functions": [
            {
              "function": "enchant_randomly"
            }
          ],
          "weight": 15
        },
        {
          "type": "item",
          "name": "minecraft:golden_hoe",
          "functions": [
            {
              "function": "enchant_randomly"
            }
          ],
          "weight": 15
        },
        {
          "type": "item",
          "name": "minecraft:golden_shovel",
          "functions": [
            {
              "function": "enchant_randomly"
            }
          ],
          "weight": 15
        },
        {
          "type": "item",
          "name": "minecraft:golden_pickaxe",
          "functions": [
            {
              "function": "enchant_randomly"
            }
          ],
          "weight": 15
        },
        {
          "type": "item",
          "name": "minecraft:golden_boots",
          "functions": [
            {
              "function": "enchant_randomly"
            }
          ],
          "weight": 15
        },
        {
          "type": "item",
          "name": "minecraft:golden_chestplate",
          "functions": [
            {
              "function": "enchant_randomly"
            }
          ],
          "weight": 15
        },
        {
          "type": "item",
          "name": "minecraft:golden_helmet",
          "functions": [
            {
              "function": "enchant_randomly"
            }
          ],
          "weight": 15
        },
        {
          "type": "item",
          "name": "minecraft:golden_leggings",
          "functions": [
            {
              "function": "enchant_randomly"
            }
          ],
          "weight": 15
        },
        {
          "type": "item",
          "name": "minecraft:speckled_melon",
          "functions": [
            {
              "function": "set_count",
              "count": {
                "min": 4,
                "max": 12
              }
            }
          ],
          "weight": 5
        },
		{
          "type": "item",
          "name": "minecraft:nether_wart",
          "functions": [
            {
              "function": "set_count",
              "count": {
                "min": 4,
                "max": 12
              }
            }
          ],
          "weight": 5
        },
        {
          "type": "item",
          "name": "minecraft:piglin_spawn_egg",  
          "weight": 5
        },
        {
          "type": "item",
          "name": "minecraft:raw_gold",
          "functions": [
            {
              "function": "set_count",
              "count": {
                "min": 2,
                "max": 8
              }
            }
          ],
          "weight": 5
        },
        {
          "type": "item",
          "name": "minecraft:appleEnchanted",
          "weight": 1
        },
        {
          "type": "item",
          "name": "minecraft:soul_sand",
          "functions": [
            {
              "function": "set_count",
              "count": {
                "min": 4,
                "max": 12
              }
            }
          ],
          "weight": 10
        }
      ]
    }
  ]
}