{
  "pools": [
    {
      "rolls": {
        "min": 1,
        "max": 4
      },
      "entries": [
        {
          "type": "item",
          "name": "minecraft:iron_ingot",
          "functions": [
            {
              "function": "set_count",
              "count": {
                "min": 12,
                "max": 14
              }
            }
          ],
          "weight": 50
        },
        {
          "type": "item",
          "name": "minecraft:gold_ingot",
          "functions": [
            {
              "function": "set_count",
              "count": {
                "min": 12,
                "max": 16
              }
            }
          ],
          "weight": 25
        },
        {
          "type": "item",
          "name": "minecraft:copper_ingot",
          "functions": [
            {
              "function": "set_count",
              "count": {
                "min": 18,
                "max": 32
              }
            }
          ],
          "weight": 25
        },
        {
          "type": "item",
          "name": "minecraft:golden_apple",
          "functions": [
            {
              "function": "set_count",
              "count": {
                "min": 4,
                "max": 6
              }
            }
          ],
          "weight": 50
        },
        {
          "type": "item",
          "name": "minecraft:diamond",
          "functions": [
            {
              "function": "set_count",
              "count": {
                "min": 12,
                "max": 14
              }
            }
          ],
          "weight": 75
        },
        {
          "type": "item",
          "name": "minecraft:netherite_ingot",
          "functions": [
            {
              "function": "set_count",
              "count": {
                "min": 1,
                "max": 2
              }
            }
          ],
          "weight": 15
        },
        {
          "type": "item",
          "name": "minecraft:enchanted_golden_apple",
          "weight": 5
        },
        {
          "type": "item",
          "name": "minecraft:book",
          "weight": 6,
          "functions": [
            {
              "function": "enchant_with_levels",
              "levels": 30,
              "treasure": true
            }
          ]
        },
        {
          "type": "item",
          "name": "minecraft:diamond_pickaxe",
          "weight": 6,
          "functions": [
            {
              "function": "enchant_with_levels",
              "levels": 30,
              "treasure": true
            }
          ]
        }
      ]
    }
  ]
}