{
  "pools": [
    {
      "rolls": {
        "min": 2,
        "max": 3
      },
      "entries": [
        {
          "type": "item",
          "name": "minecraft:ender_eye",
          "weight": 50
        },
        {
          "type": "item",
          "name": "minecraft:netherite_ingot",
          "functions": [
            {
              "function": "set_count",
              "count": {
                "min": 1,
                "max": 2
              }
            }
          ],
          "weight": 15
        },
        {
          "type": "item",
          "name": "minecraft:diamond",
          "functions": [
            {
              "function": "set_count",
              "count": {
                "min": 12,
                "max": 14
              }
            }
          ],
          "weight": 15
        },
        {
          "type": "item",
          "name": "minecraft:copper_ingot",
          "functions": [
            {
              "function": "set_count",
              "count": {
                "min": 18,
                "max": 32
              }
            }
          ],
          "weight": 50
        },
        {
          "type": "item",
          "name": "minecraft:gold_ingot",
          "functions": [
            {
              "function": "set_count",
              "count": {
                "min": 12,
                "max": 16
              }
            }
          ],
          "weight": 25
        },
        {
          "type": "item",
          "name": "minecraft:golden_apple",
          "functions": [
            {
              "function": "set_count",
              "count": {
                "min": 4,
                "max": 6
              }
            }
          ],
          "weight": 25
        },
        {
          "type": "item",
          "name": "minecraft:potion",
          "functions": [
            {
              "function": "set_data",
              "data": 30
            }
          ],
          "weight": 75
        },
        {
          "type": "item",
          "name": "minecraft:enchanted_golden_apple",
          "weight": 5
        },
        {
          "type": "item",
          "name": "minecraft:record_otherside",
          "weight": 50
        }
      ]
    }
  ]
}