{
  "pools": [
    {
      "rolls": 1,
      "entries": [
        {
          "type": "item",
          "name": "minecraft:sapling",
          "weight": 10,
        },
        {
          "type": "item",
          "name": "minecraft:leather",
          "weight": 10
        },
        {
          "type": "item",
          "name": "minecraft:bone",
          "weight": 10
        },
        {
          "type": "item",
          "name": "minecraft:copper_ingot",
          "weight": 10
        },
        {
          "type": "item",
          "name": "minecraft:string",
          "weight": 5
        },
        {
          "type": "item",
          "name": "minecraft:stone",
          "weight": 2,
        },
        {
          "type": "item",
          "name": "minecraft:dirt",
          "weight": 10
        },
        {
          "type": "item",
          "name": "minecraft:stick",
          "weight": 5
        },
        {
          "type": "item",
          "name": "minecraft:log",
          "weight": 1,
        },
        {
          "type": "item",
          "name": "minecraft:dye",
          "weight": 10,
          "functions": [
            {
              "function": "set_data",
              "data":3
            },
            {
              "function": "set_count",
              "count": 1
            }
          ]
        },
        {
          "type": "item",
          "name": "minecraft:cobblestone",
          "weight": 10
        },
        {
          "type": "item",
          "name": "minecraft:rotten_flesh",
          "weight": 10
        },
        {
          "type": "item",
          "name": "minecraft:bamboo",
          "weight": 10
        }
      ]
    }
  ]
}