{
  "pools": [
    {
      "rolls": 1,
      "entries": [
        {
          "type": "item",
          "name": "minecraft:book",
          "weight": 10,
        },
        {
          "type": "item",
          "name": "minecraft:leather",
          "weight": 10
        },
        {
          "type": "item",
          "name": "minecraft:bone",
          "weight": 10
        },
        {
          "type": "item",
          "name": "minecraft:paper",
          "weight": 10
        },
        {
          "type": "item",
          "name": "minecraft:string",
          "weight": 5
        },
        {
          "type": "item",
          "name": "minecraft:dirt",
          "weight": 2,
        },
        {
          "type": "item",
          "name": "minecraft:stone",
          "weight": 10
        },
        {
          "type": "item",
          "name": "minecraft:stick",
          "weight": 5
        },
        {
          "type": "item",
          "name": "minecraft:rotten_flesh",
          "weight": 1,
        },
        {
          "type": "item",
          "name": "minecraft:copper_ingot",
          "weight": 10
        },
        {
          "type": "item",
          "name": "minecraft:wool",
          "weight": 10
        }
      ]
    }
  ]
}