{
    "pools": [
        {
            "rolls": 1,
            "entries": [
                {
                    "type": "item",
                    "name": "minecraft:nautilus_shell",
                    "weight": 5
                },
                {
                    "type": "item",
                    "name": "minecraft:emerald",
                    "weight": 5
                },
                {
                    "type": "item",
                    "name": "minecraft:name_tag",
                    "weight": 5
                },
                {
                    "type": "item",
                    "name": "minecraft:gold_ingot",
                    "weight": 5
                },
				                {
                    "type": "item",
                    "name": "minecraft:diamond",
                    "weight": 5
                },
				                {
                    "type": "item",
                    "name": "minecraft:iron_ingot",
                    "weight": 5
                },
				{
                    "type": "item",
                    "name": "minecraft:golden_apple",
                    "weight": 3
                },
                {
                    "type": "item",
                    "name": "minecraft:enchanted_golden_apple",
                    "weight": 1
                },
                {
                    "type": "item",
                    "name": "minecraft:bow",
                    "weight": 5,
                    "functions": [
                        {
                            "function": "set_damage",
                            "damage": {
                                "min": 0,
                                "max": 0
                            }
                        },
                        {
                            "function": "enchant_with_levels",
                            "levels": 30,
                            "treasure": true
                        }
                    ]
                },
                {
                    "type": "item",
                    "name": "minecraft:crossbow",
                    "weight": 5,
                    "functions": [
                        {
                            "function": "set_damage",
                            "damage": {
                                "min": 0,
                                "max": 0
                            }
                        },
                        {
                            "function": "enchant_with_levels",
                            "levels": 30,
                            "treasure": true
                        }
                    ]
                },				
                {
                    "type": "item",
                    "name": "minecraft:fishing_rod",
                    "weight": 5,
                    "functions": [
                        {
                            "function": "set_damage",
                            "damage": {
                                "min": 0,
                                "max": 0
                            }
                        },
                        {
                            "function": "enchant_with_levels",
                            "levels": 30,
                            "treasure": true
                        }
                    ]
                },
                {
                    "type": "item",
                    "name": "minecraft:book",
                    "weight": 6,
                    "functions": [
                        {
                            "function": "enchant_with_levels",
                            "levels": 30,
                            "treasure": true
                        }
                    ]
                }
            ]
        }
    ]
}