{
    "format_version": "1.12",
    "minecraft:recipe_shaped": {
        "description": {
            "identifier": "spawn:allay"
        },
        "tags": [
            "crafting_table"
        ],
        "pattern": [
            "#B#",
            "DED",
            "#J#"
        ],
        "key": {
            "#": {
                "item": "minecraft:amethyst_shard"
            },
            "B": {
                "item": "minecraft:budding_amethyst"
            },
            "D": {
                "item": "minecraft:diamond"
            },
            "E": {
                "item": "minecraft:egg"
            },
            "J": {
                "item": "minecraft:disc_fragment_5"
            }
        },
        "result": {
            "item": "minecraft:allay_spawn_egg",
            "count": 1
        }
    }
}