{
    "format_version": "1.12",
    "minecraft:recipe_shaped": {
        "tags": [
            "crafting_table"
        ],
        "pattern": [
            "#G#",
            "GEG",
            "#G#"
        ],
        "key": {
            "#": {
                "item": "minecraft:moss_block"
            },
            "G": {
                "item": "minecraft:glow_berries"
            },
            "E": {
                "item": "minecraft:egg"
            }
        },
        "result": {
            "item": "minecraft:axolotl_spawn_egg",
            "count": 1
        },
        "description": {
            "identifier": "spawn:axolotl"
        }
    }
}