{
    "format_version": "1.12",
    "minecraft:recipe_shaped": {
        "tags": [
            "crafting_table"
        ],
        "pattern": [
            "#H#",
            "HEH",
            "#H#"
        ],
        "key": {
            "#": {
                "item": "minecraft:honeycomb_block"
            },
            "H": {
                "item": "minecraft:honeycomb"
            },
            "E": {
                "item": "minecraft:egg"
            }
        },
        "result": {
            "item": "minecraft:bee_spawn_egg",
            "count": 1
        },
        "description": {
            "identifier": "spawn:bee"
        }
    }
}