{
    "format_version": "1.12",
    "minecraft:recipe_shaped": {
        "tags": [
            "crafting_table"
        ],
        "pattern": [
            "/B/",
            "BEB",
            "/B/"
        ],
        "key": {
            "/": {
                "item": "minecraft:blaze_rod"
            },
            "B": {
                "item": "minecraft:blaze_powder"
            },
            "E": {
                "item": "minecraft:egg"
            }
        },
        "result": {
            "item": "minecraft:blaze_spawn_egg",
            "count": 1
        },
        "description": {
            "identifier": "spawn:blaze"
        }
    }
}