{
    "format_version": "1.12",
    "minecraft:recipe_shaped": {
        "tags": [
            "crafting_table"
        ],
        "pattern": [
            "#T#",
            "TET",
            "#T#"
        ],
        "key": {
            "#": {
                "item": "minecraft:emerald"
            },
            "T": {
                "item": "minecraft:tropical_fish"
            },
            "E": {
                "item": "minecraft:egg"
            }
        },
        "result": {
            "item": "minecraft:cat_spawn_egg",
            "count": 1
        },
        "description": {
            "identifier": "spawn:cat_from_tropical_fish"
        }
    }
}