{
    "format_version": "1.12",
    "minecraft:recipe_shaped": {
        "tags": [
            "crafting_table"
        ],
        "pattern": [
            "#M#",
            "MEM",
            "#M#"
        ],
        "key": {
            "#": {
                "item": "minecraft:feather"
            },
            "M": {
                "item": "minecraft:melon_seeds"
            },
            "E": {
                "item": "minecraft:egg"
            }
        },
        "result": {
            "item": "minecraft:chicken_spawn_egg",
            "count": 1
        },
        "description": {
            "identifier": "spawn:chicken_from_melon"
        }
    }
}