{
    "format_version": "1.12",
    "minecraft:recipe_shaped": {
        "tags": [
            "crafting_table"
        ],
        "pattern": [
            "#B#",
            "BEB",
            "#B#"
        ],
        "key": {
            "#": {
                "item": "minecraft:feather"
            },
            "B": {
                "item": "minecraft:beetroot_seeds"
            },
            "E": {
                "item": "minecraft:egg"
            }
        },
        "result": {
            "item": "minecraft:chicken_spawn_egg",
            "count": 1
        },
        "description": {
            "identifier": "spawn:chicken_from_beetroot"
        }
    }
}