{
    "format_version": "1.12",
    "minecraft:recipe_shaped": {
        "tags": [
            "crafting_table"
        ],
        "pattern": [
            "#P#",
            "PEP",
            "#P#"
        ],
        "key": {
            "#": {
                "item": "minecraft:feather"
            },
            "P": {
                "item": "minecraft:pumpkin_seeds"
            },
            "E": {
                "item": "minecraft:egg"
            }
        },
        "result": {
            "item": "minecraft:chicken_spawn_egg",
            "count": 1
        },
        "description": {
            "identifier": "spawn:chicken_from_pumpkin"
        }
    }
}