{
    "format_version": "1.12",
    "minecraft:recipe_shaped": {
        "tags": [
            "crafting_table"
        ],
        "pattern": [
            "#C#",
            "CEC",
            "#C#"
        ],
        "key": {
            "#": {
                "item": "minecraft:seagrass"
            },
            "C": {
                "item": "minecraft:cod"
            },
            "E": {
                "item": "minecraft:egg"
            }
        },
        "result": {
            "item": "minecraft:cod_spawn_egg",
            "count": 1
        },
        "description": {
            "identifier": "spawn:cod"
        }
    }
}