{
    "format_version": "1.12",
    "minecraft:recipe_shaped": {
        "tags": [
            "crafting_table"
        ],
        "pattern": [
            "###",
            "#E#",
            "###"
        ],
        "key": {
            "#": {
                "item": "minecraft:gunpowder"
            },
            "E": {
                "item": "minecraft:egg"
            }
        },
        "result": {
            "item": "minecraft:creeper_spawn_egg",
            "count": 1
        },
        "description": {
            "identifier": "spawn:creeper"
        }
    }
}