{
    "format_version": "1.12",
    "minecraft:recipe_shaped": {
        "tags": [
            "crafting_table"
        ],
        "pattern": [
            "#R#",
            "RZR",
            "#R#"
        ],
        "key": {
            "#": {
                "item": "minecraft:prismarine_shard"
            },
            "R": {
                "item": "minecraft:rotten_flesh"
            },
            "Z": {
                "item": "minecraft:zombie_spawn_egg"
            }
        },
        "result": {
            "item": "minecraft:drowned_spawn_egg",
            "count": 1
        },
        "description": {
            "identifier": "spawn:drowned"
        }
    }
}