{
    "format_version": "1.12",
    "minecraft:recipe_shaped": {
        "tags": [
            "crafting_table"
        ],
        "pattern": [
            "#S#",
            "SES",
            "#S#"
        ],
        "key": {
            "#": {
                "item": "minecraft:prismarine"
            },
            "S": {
                "item": "minecraft:sealantern"
            },
            "E": {
                "item": "minecraft:egg"
            }
        },
        "result": {
            "item": "minecraft:elder_guardian_spawn_egg",
            "count": 1
        },
        "description": {
            "identifier": "spawn:elder_guardian"
        }
    }
}