{
    "format_version": "1.12",
    "minecraft:recipe_shaped": {
        "tags": [
            "crafting_table"
        ],
        "pattern": [
            "#E#",
            "ECE",
            "#E#"
        ],
        "key": {
            "#": {
                "item": "minecraft:end_stone"
            },
            "E": {
                "item": "minecraft:ender_pearl"
            },
            "C": {
                "item": "minecraft:egg"
            }
        },
        "result": {
            "item": "minecraft:enderman_spawn_egg",
            "count": 1
        },
        "description": {
            "identifier": "spawn:enderman"
        }
    }
}