{
  "format_version": "1.17.0",
  "minecraft:feature_rules": {
    "description": {
      "identifier": "minecraft:deepslate_gold_feature",
      "places_feature": "minecraft:deepslate_gold"
    },
    "conditions": {
      "placement_pass": "first_pass",
      "minecraft:biome_filter": [
        {
          "any_of": [
            {
              "test": "has_biome_tag",
              "operator": "==",
              "value": "overworld"
            },
            {
              "test": "has_biome_tag",
              "operator": "==",
              "value": "overworld_generation"
            }
          ]
        }
      ]
    },
    "distribution": {
      "iterations": 8,
      "coordinate_eval_order": "zyx",
      "x": {
        "distribution": "uniform",
        "extent": [ 0, 8 ]
      },
      "y": {
        "distribution": "uniform",
        "extent": [ -52, -8 ]
      },
      "z": {
        "distribution": "uniform",
        "extent": [ 0, 8 ]
      }
    }
  }
}
