{
    "format_version": "1.12",
    "minecraft:recipe_shaped": {
        "tags": [
            "crafting_table"
        ],
        "pattern": [
            "#g#",
            "# #"
        ],
        "key": {
            "#": {
                "item": "minecraft:stone"
            },
            "g": {
                "item": "minecraft:gold_ingot"
            }
        },
        "result": {
            "item": "minecraft:bell",
            "count": 1
        },
        "description": {
            "identifier": "crafting:bell"
        }
    }
}