{
    "format_version": "1.12",
    "minecraft:recipe_shaped": {
        "tags": [
            "crafting_table"
        ],
        "pattern": [
            "cic",
            "iFi",
            "DDD"
        ],
        "key": {
            "c": {
                "item": "minecraft:copper_ingot"
            },
            "i": {
                "item": "minecraft:iron_ingot"
            },
            "F": {
                "item": "minecraft:furnace"
            },
            "D": {
                "item": "minecraft:dripstone_block"
            }
        },
        "result": {
            "item": "minecraft:blast_furnace",
            "count": 1
        },
        "description": {
            "identifier": "crafting:blast_furnace_from_dripstone"
        }
    }
}