{
    "format_version": "1.12",
    "minecraft:recipe_shaped": {
        "tags": [
            "crafting_table"
        ],
        "pattern": [
            " / ",
            "EEE"
        ],
        "key": {
            "/": {
                "item": "minecraft:blaze_rod"
            },
            "E": {
                "item": "minecraft:end_stone"
            }
        },
        "result": {
            "item": "minecraft:brewing_stand",
            "count": 1
        },
        "description": {
            "identifier": "crafting:brewing_stand_from_endstone"
        }
    }
}