{
    "format_version": "1.12",
    "minecraft:recipe_shaped": {
        "tags": [
            "crafting_table"
        ],
        "pattern": [
            "###",
            "# #",
            "# #"
        ],
        "key": {
            "#": {
                "item": "minecraft:chain"
            }
        },
        "result": {
            "item": "minecraft:chainmail_leggings",
            "count": 1
        },
        "description": {
            "identifier": "crafting:chainmail_leggings"
        }
    }
}