{
    "format_version": "1.12",
    "minecraft:recipe_shaped": {
        "tags": [
            "crafting_table"
        ],
        "pattern": [
            "#D",
            "D#"
        ],
        "key": {
            "#": {
                "item": "minecraft:sand"
            },
            "D": {
                "item": "minecraft:dirt"
            }
        },
        "result": {
            "item": "minecraft:clay",
            "count": 1
        },
        "description": {
            "identifier": "crafting:clay"
        }
    }
}