{
    "format_version": "1.12",
    "minecraft:recipe_shaped": {
        "tags": [
            "crafting_table"
        ],
        "pattern": [
            "###",
            "###",
            "###"
        ],
        "key": {
            "#": {
                "item": "minecraft:coal",
                "data": 1
            }
        },
        "result": {
            "item": "minecraft:coal_block",
            "count": 1
        },
        "description": {
            "identifier": "crafting:coal_from_charcoal"
        }
    }
}