{
    "format_version": "1.12",
    "minecraft:recipe_shaped": {
        "tags": [
            "crafting_table"
        ],
        "pattern": [
            "# #",
            "###",
            "# #"
        ],
        "key": {
            "#": {
                "item": "minecraft:diamond"
            }
        },
        "result": {
            "item": "minecraft:horsearmordiamond",
            "count": 1
        },
        "description": {
            "identifier": "crafting:diamond_horse_armor"
        }
    }
}