{
    "format_version": "1.12",
    "minecraft:recipe_shaped": {
        "tags": [
            "crafting_table"
        ],
        "pattern": [
            "#G#",
            "GJG",
            "EGE"
        ],
        "key": {
            "#": {
                "item": "minecraft:diamond"
            },
            "G": {
                "item": "minecraft:gold_block"
            },
            "J": {
                "item": "minecraft:golden_apple"
            },
            "E": {
                "item": "minecraft:emerald"
            }
        },
        "result": {
            "item": "minecraft:appleenchanted",
            "count": 1
        },
        "description": {
            "identifier": "crafting:enchanted_golden_apple"
        }
    }
}