{
    "format_version": "1.12",
    "minecraft:recipe_shaped": {
        "tags": [
            "crafting_table"
        ],
        "pattern": [
            "#E#",
            "EGE",
            "#E#"
        ],
        "key": {
            "#": {
                "item": "minecraft:gold_nugget"
            },
            "E": {
                "item": "minecraft:emerald"
            },
            "G": {
                "item": "minecraft:glass_bottle"
            }
        },
        "result": {
            "item": "minecraft:experience_bottle",
            "count": 1
        },
        "description": {
            "identifier": "crafting:experience_bottle"
        }
    }
}