{
    "format_version": "1.12",
    "minecraft:recipe_shaped": {
        "tags": [
            "crafting_table"
        ],
        "pattern": [
            "#I"
        ],
        "key": {
            "#": {
                "item": "minecraft:glowstone_dust"
            },
            "I": {
                "item": "minecraft:ink_sac"
            }
        },
        "result": {
            "item": "minecraft:glow_ink_sac",
            "count": 1
        },
        "description": {
            "identifier": "crafting:glow_ink_sac"
        }
    }
}