{
    "format_version": "1.12",
    "minecraft:recipe_shaped": {
        "tags": [
            "crafting_table"
        ],
        "pattern": [
            "#V"
        ],
        "key": {
            "#": {
                "item": "minecraft:glowstone_dust"
            },
            "V": {
                "item": "minecraft:vine"
            }
        },
        "result": {
            "item": "minecraft:glow_lichen",
            "count": 1
        },
        "description": {
            "identifier": "crafting:glow_lichen"
        }
    }
}