{
    "format_version": "1.12",
    "minecraft:recipe_shaped": {
        "tags": [
            "crafting_table"
        ],
        "pattern": [
            "g g",
            "ggg",
            "g g"
        ],
        "key": {
            "g": {
                "item": "minecraft:gold_ingot"
            }
        },
        "result": {
            "item": "minecraft:horsearmorgold",
            "count": 1
        },
        "description": {
            "identifier": "crafting:golden_horse_armor"
        }
    }
}