{
    "format_version": "1.12",
    "minecraft:recipe_shaped": {
        "tags": [
            "crafting_table"
        ],
        "pattern": [
            "##",
            " S",
            " S"
        ],
        "key": {
            "#": {
                "item": "minecraft:cobblestone"
            },
            "S": {
                "item": "minecraft:stick",
                "data": 0
            }
        },
        "result": {
            "item": "minecraft:stone_hoe",
            "count": 1
        },
        "description": {
            "identifier": "crafting:hoe_from_cobblestone"
        }
    }
}