{
    "format_version": "1.12",
    "minecraft:recipe_shaped": {
        "tags": [
            "crafting_table"
        ],
        "pattern": [
            "##",
            " /",
            " /"
        ],
        "key": {
            "#": {
                "item": "minecraft:dripstone_block"
            },
            "/": {
                "item": "minecraft:stick"
            }
        },
        "result": {
            "item": "minecraft:stone_hoe",
            "count": 1
        },
        "description": {
            "identifier": "crafting:hoe_from_dripstone"
        }
    }
}