{
    "format_version": "1.12",
    "minecraft:recipe_shaped": {
        "tags": [
            "crafting_table"
        ],
        "pattern": [
            "i i",
            "iii",
            "i i"
        ],
        "key": {
            "i": {
                "item": "minecraft:iron_ingot"
            }
        },
        "result": {
            "item": "minecraft:horsearmoriron",
            "count": 1
        },
        "description": {
            "identifier": "crafting:iron_horse_armor"
        }
    }
}