{
    "format_version": "1.12",
    "minecraft:recipe_shaped": {
        "tags": [
            "crafting_table"
        ],
        "pattern": [
            "#N#",
            "NCN",
            "#N#"
        ],
        "key": {
            "#": {
                "item": "minecraft:iron_block"
            },
            "N": {
                "item": "minecraft:netherite_scrap"
            },
            "C": {
                "item": "minecraft:netherstar"
            }
        },
        "result": {
            "item": "minecraft:mob_spawner",
            "count": 1
        },
        "description": {
            "identifier": "crafting:mob_spawner"
        }
    }
}