{
    "format_version": "1.12",
    "minecraft:recipe_shaped": {
        "tags": [
            "crafting_table"
        ],
        "pattern": [
            "###",
            " / ",
            " / "
        ],
        "key": {
            "#": {
                "item": "minecraft:deepslate"
            },
            "/": {
                "item": "minecraft:stick"
            }
        },
        "result": {
            "item": "minecraft:stone_pickaxe",
            "count": 1
        },
        "description": {
            "identifier": "crafting:pickaxe_from_deepslate"
        }
    }
}