{
    "format_version": "1.12",
    "minecraft:recipe_shaped": {
        "tags": [
            "crafting_table"
        ],
        "pattern": [
            "###",
            "I I"
        ],
        "key": {
            "#": {
                "item": "minecraft:leather"
            },
            "I": {
                "item": "minecraft:iron_nugget"
            }
        },
        "result": {
            "item": "minecraft:saddle",
            "count": 1
        },
        "description": {
            "identifier": "crafting:saddle"
        }
    }
}