{
    "format_version": "1.12",
    "minecraft:recipe_shaped": {
        "tags": [
            "crafting_table"
        ],
        "pattern": [
            "/S/",
            "/ /",
            "/ /"
        ],
        "key": {
            "/": {
                "item": "minecraft:stick"
            },
            "S": {
                "item": "minecraft:string"
            }
        },
        "result": {
            "item": "minecraft:scaffolding",
            "count": 6
        },
        "description": {
            "identifier": "crafting:scaffolding_from_stick"
        }
    }
}