{
    "format_version": "1.12",
    "minecraft:recipe_shaped": {
        "tags": [
            "crafting_table"
        ],
        "pattern": [
            "#",
            "/",
            "/"
        ],
        "key": {
            "#": {
                "item": "minecraft:calcite"
            },
            "/": {
                "item": "minecraft:stick"
            }
        },
        "result": {
            "item": "minecraft:stone_shovel",
            "count": 1
        },
        "description": {
            "identifier": "crafting:shovel_from_calcite"
        }
    }
}