{
    "format_version": "1.12",
    "minecraft:recipe_shaped": {
        "tags": [
            "crafting_table"
        ],
        "pattern": [
            " i ",
            "EEE"
        ],
        "key": {
            "i": {
                "item": "minecraft:iron_ingot"
            },
            "E": {
                "item": "minecraft:end_stone"
            }
        },
        "result": {
            "item": "minecraft:stonecutter_block",
            "count": 1
        },
        "description": {
            "identifier": "crafting:stonecutter_from_endstone"
        }
    }
}