{
    "format_version": "1.12",
    "minecraft:recipe_shaped": {
        "tags": [
            "crafting_table"
        ],
        "pattern": [
            "#",
            "#",
            "S"
        ],
        "key": {
            "#": {
                "item": "minecraft:stone",
                "data": 5
            },
            "S": {
                "item": "minecraft:stick",
                "data": 0
            }
        },
        "result": {
            "item": "minecraft:stone_sword",
            "count": 1
        },
        "description": {
            "identifier": "crafting:sword_from_andesite"
        }
    }
}