{
    "format_version": "1.12",
    "minecraft:recipe_shaped": {
        "tags": [
            "crafting_table"
        ],
        "pattern": [
            "#N#",
            "ggg",
            " g "
        ],
        "key": {
            "#": {
                "item": "minecraft:emerald"
            },
            "N": {
                "item": "minecraft:netherstar"
            },
            "g": {
                "item": "minecraft:gold_ingot"
            }
        },
        "result": {
            "item": "minecraft:totem",
            "count": 1
        },
        "description": {
            "identifier": "crafting:totem_of_udying"
        }
    }
}