{
    "format_version": "1.12",
    "minecraft:recipe_shaped": {
        "tags": [
            "crafting_table"
        ],
        "pattern": [
            "#",
            "P",
            "P"
        ],
        "key": {
            "#": {
                "item": "minecraft:quartz"
            },
            "P": {
                "item": "minecraft:prismarine_shard"
            }
        },
        "result": {
            "item": "minecraft:trident",
            "count": 1
        },
        "description": {
            "identifier": "crafting:trident"
        }
    }
}