{
  "pools": [
    {
      "rolls": 1,
      "entries": [
        {
          "type": "item",
          "name": "minecraft:diamond",
          "weight": 3
        },
        {
          "type": "item",
          "name": "minecraft:golden_apple",
          "weight": 5
        },
        {
          "type": "item",
          "name": "minecraft:cooked_chicken",
          "weight": 15
        },
        {
          "type": "item",
          "name": "minecraft:feather",
          "weight": 15
        },
        {
          "type": "item",
          "name": "minecraft:leather",
          "weight": 15
        },
        {
          "type": "item",
          "name": "minecraft:iron_ingot",
          "weight": 10
        },
        {
          "type": "item",
          "name": "minecraft:phantom_membrane",
          "weight": 2
        },
		        {
          "type": "item",
          "name": "minecraft:enchanted_golden_apple",
          "weight": 1
        }
      ]
    }
  ]
}