{
  "pools": [
      {
          "rolls": 1,
          "entries": [
              {
                  "type": "item",
                  "name": "minecraft:netherite_ingot",
                  "weight": 1,
                  "functions": [
                    {
                        "function": "set_count",
                        "count": {
                            "min": 2,
                            "max": 4
                         }
                       },
                       {
                        "function": "looting_enchant",
                        "count": {
                            "min": 0,
                            "max": 1
                        }
                    }
                  ]
              }
          ]
      },
  {
          "rolls": 1,
          "entries": [
              {
                  "type": "item",
                  "name": "minecraft:gold_block",
                  "weight": 1,
                  "functions": [
                      {
                          "function": "set_count",
                          "count": {
                              "min": 2,
                              "max": 4
                          }
                      },
                      {
                          "function": "looting_enchant",
                          "count": {
                              "min": 0,
                              "max": 1
                          }
                      }
                  ]
              }
          ]
      },
      {
        "rolls": 1,
        "entries": [
            {
                "type": "item",
                "name": "minecraft:diamond_block",
                "weight": 1,
                "functions": [
                    {
                        "function": "set_count",
                        "count": {
                            "min": 0,
                            "max": 2
                        }
                    },
                    {
                        "function": "looting_enchant",
                        "count": {
                            "min": 0,
                            "max": 1
                        }
                    }
                ]
            }
        ]
      },
      {
          "rolls": 1,
          "entries": [
              {
                  "type": "item",
                  "name": "minecraft:iron_block",
                  "weight": 1,
                  "functions": [
                    {
                      "function": "set_count",
                      "count": {
                          "min": 2,
                          "max": 12
                      }
                      },
                      {
                          "function": "looting_enchant",
                          "count": {
                              "min": 0,
                              "max": 1
                          }
                      }
                  ]
              }
          ]
      }
  ]
}