{
  "pools": [
    {
      "rolls": 1,
      "conditions": [
        {
          "condition": "random_chance",
          "chance": 0.4
        }
      ],
      "entries": [
        {
          "type": "item",
          "name": "minecraft:prismarine_shard",
          "weight": 5
        }
      ]
    },
    {
      "rolls": 1,
      "conditions": [
        {
          "condition": "random_chance",
          "chance": 0.2
        }
      ],
      "entries": [
        {
          "type": "item",
          "name": "minecraft:nautilus_shell",
          "weight": 5
        }
      ]
    }
  ]
}