{
  "pools": [
    {
      "rolls": 1,
      "conditions": [
        {
          "condition": "random_chance",
          "chance": 0.2
        }
      ],
      "entries": [
        {
          "type": "item",
          "name": "minecraft:emerald",
          "weight": 1
        },
        {
          "type": "item",
          "name": "minecraft:egg",
          "weight": 4
        },
		{
          "type": "item",
          "name": "minecraft:diamond",
          "weight": 2
        },
        {
          "type": "item",
          "name": "minecraft:gold_ingot",
          "weight": 3
        },
        {
          "type": "item",
          "name": "minecraft:raw_rabbit",
          "weight": 2
        },
        {
          "type": "item",
          "name": "minecraft:bread",
          "weight": 4
        },
        {
          "type": "item",
          "name": "minecraft:chicken",
          "weight": 4
        },
		{
          "type": "item",
          "name": "minecraft:iron_ingot",
          "weight": 5
        },
        {
          "type": "item",
          "name": "minecraft:feather",
          "weight": 3
        }
      ]
    }
  ]
}