{
  "pools": [
    {
      "rolls": 1,
      "entries": [
        {
          "type": "item",
          "name": "minecraft:air",
          "weight": 1
        },
        {
          "type": "item",
          "name": "minecraft:golden_axe",
          "weight": 1
        },
		{
          "type": "item",
          "name": "minecraft:iron_axe",
          "weight": 1
        },
		{
          "type": "item",
          "name": "minecraft:diamond_axe",
          "weight": 1
        }
      ]
    }
  ]
}