{
    "pools": [
        {
            "rolls": 1,
            "entries": [
                {
                    "type": "item",
                    "name": "minecraft:book",
                    "weight": 10,
                    "functions": [
                        {
                            "function": "specific_enchants",
                            "enchants": [
                                {
                                    "id": "soul_speed",
                                    "level": [1, 3]
                                }
                            ]
                        }
                    ]
                },
                {
                  "type": "item",
                  "name": "minecraft:book",
                  "weight": 10,
                    "functions": [
                        {
                            "function": "specific_enchants",
                            "enchants": [
                                {
                                    "id": "mending",
                                    "level": [1]
                                }
                            ]
                        }
                    ]
                },
                {
                    "type": "item",
                    "name": "minecraft:potion",
                    "weight": 16,
                    "functions": [
                        {
                            "function": "set_data",
                            "data": 13
                        }
                    ]
                },
                {
                    "type": "item",
                    "name": "minecraft:potion",
                    "weight": 10,
                    "functions": [
                        {
                            "function": "set_data",
                            "data": 36
                        }
                    ]
                },                
                {
                    "type": "item",
                    "name": "minecraft:splash_potion",
                    "weight": 10,
                    "functions": [
                        {
                            "function": "set_data",
                            "data": 36
                        }
                    ]
                },
                {
                    "type": "item",
                    "name": "minecraft:iron_ingot",
                    "weight": 14,
                    "functions": [
                        {
                            "function": "set_count",
                            "count": {
                                "min": 2,
                                "max": 16
                            }
                        }
                    ]
                },
				{
                    "type": "item",
                    "name": "minecraft:copper_ingot",
                    "weight": 16,
                    "functions": [
                        {
                            "function": "set_count",
                            "count": {
                                "min": 2,
                                "max": 16
                            }
                        }
                    ]
                },
                {
                    "type": "item",
                    "name": "minecraft:ender_pearl",
                    "weight": 8,
                    "functions": [
                        {
                            "function": "set_count",
                            "count": {
                                "min": 2,
                                "max": 8
                            }
                        }
                    ]
                },
                {
                    "type": "item",
                    "name": "minecraft:diamond",
                    "weight": 4,
                    "functions": [
                        {
                            "function": "set_count",
                            "count": {
                                "min": 1,
                                "max": 6
                            }
                        }
                    ]
                }, 
                {
                    "type": "item",
                    "name": "minecraft:emerald",
                    "weight": 8,
                    "functions": [
                        {
                            "function": "set_count",
                            "count": {
                                "min": 4,
                                "max": 12
                            }
                        }
                    ]
                }, 
                {
                    "type": "item",
                    "name": "minecraft:crying_obsidian",
                    "weight": 10,
                    "functions": [
                        {
                            "function": "set_count",
                            "count": {
                                "min": 2,
                                "max": 4
                            }
                        }
                    ]
                },
                {
                    "type": "item",
                    "name": "minecraft:obsidian",
                    "weight": 10,
                    "functions": [
                        {
                            "function": "set_count",
                            "count": {
                                "min": 1,
                                "max": 3
                            }
                        }
                    ]
                },
                {
                    "type": "item",
                    "name": "minecraft:amethyst_shard",
                    "weight": 12,
                    "functions": [
                        {
                            "function": "set_count",
                            "count": {
                                "min": 1,
                                "max": 5
                            }
                        }
                    ]
                },				
                {
                    "type": "item",
                    "name": "minecraft:fireball",
                    "weight": 15
                },
                {
                    "type": "item",
                    "name": "minecraft:netherite_scrap",
                    "weight": 2,
                    "functions": [
                        {
                            "function": "set_count",
                            "count": {
                                "min": 2,
                                "max": 4
                            }
                        }
                    ]
                },
                {
                    "type": "item",
                    "name": "minecraft:crimson_stem",
                    "weight": 25,
                    "functions": [
                        {
                            "function": "set_count",
                            "count": {
                                "min": 2,
                                "max": 8
                            }
                        }
                    ]
                },
                {
                    "type": "item",
                    "name": "minecraft:bone",
                    "weight": 25,
                    "functions": [
                        {
                            "function": "set_count",
                            "count": {
                                "min": 2,
                                "max": 8
                            }
                        }
                    ]
                },
                {
                    "type": "item",
                    "name": "minecraft:arrow",
                    "weight": 22,
                    "functions": [
                        {
                            "function": "set_count",
                            "count": {
                                "min": 4,
                                "max": 12
                            }
                        }
                    ]
                },     
                {
                    "type": "item",
                    "name": "minecraft:crimson_nylium",
                    "weight": 25,
                    "functions": [
                        {
                            "function": "set_count",
                            "count": {
                                "min": 8,
                                "max": 16
                            }
                        }
                    ]
                },
                {
                    "type": "item",
                    "name": "minecraft:budding_amethyst",
                    "weight": 10,
                    "functions": [
                        {
                            "function": "set_count",
                            "count": {
                                "min": 1,
                                "max": 4
                            }
                        }
                    ]
                },
				{
                    "type": "item",
                    "name": "minecraft:nether_star",
                    "weight": 4,
                    "functions": [
                        {
                            "function": "set_count",
                            "count": {
                                "min": 1,
                                "max": 1
                            }
                        }
                    ]
                }
            ]
        }
    ]
}
