{
    "pools": [
     {
        "rolls": 1,
        "entries": [
          {
            "type": "item",
            "name": "minecraft:fish",
            "weight": 1,
            "functions": [
              {
                "function": "set_count",
                "count": {
                  "min": 2,
                  "max": 4
                }
              },
              {
                "function": "looting_enchant",
                "count": {
                  "min": 0,
                  "max": 1
                }
              }
            ]
          }
        ]
      },
      {
      "rolls": 1,
        "entries": [
                {
                    "type": "item",
                    "name": "minecraft:salmon",
                    "weight": 1,
                  "functions": [
                    {
                      "function": "set_count",
                      "count": {
                        "min": 2,
                        "max": 4
                      }
                    },
                    {
                      "function": "looting_enchant",
                      "count": {
                        "min": 0,
                        "max": 1
                      }
                    }
                  ]
                }
            ]
        },
        {
          "rolls": 1,
            "entries": [
                    {
                        "type": "item",
                        "name": "minecraft:leather",
                        "weight": 1,
                      "functions": [
                        {
                          "function": "set_count",
                          "count": {
                            "min": 2,
                            "max": 8
                          }
                        },
                        {
                          "function": "looting_enchant",
                          "count": {
                            "min": 0,
                            "max": 1
                          }
                        }
                      ]
                    }
                ]
          }
    ]
}