{
  "pools": [
    {
      "rolls": 1,
      "entries": [
        {
          "type": "item",
          "name": "minecraft:air",
          "weight": 1
        },
		{
          "type": "item",
          "name": "minecraft:wooden_sword",
          "weight": 1
        },
		{
          "type": "item",
          "name": "minecraft:golden_sword",
          "weight": 1
        },
		{
          "type": "item",
          "name": "minecraft:stone_sword",
          "weight": 1
        },
		{
          "type": "item",
          "name": "minecraft:iron_sword",
          "weight": 1
        },
		{
          "type": "item",
          "name": "minecraft:diamond_sword",
          "weight": 1
        },
		{
          "type": "item",
          "name": "minecraft:netherite_sword",
          "weight": 1
        }
      ]
    }
  ]
}