{
  "format_version": "1.10",
  "minecraft:item": {
    "description": {
      "identifier": "minecraft:appleEnchanted"
    },
    
    "components": {
      "minecraft:hand_equipped": false,
      "minecraft:stacked_by_data": true,
      "minecraft:use_duration": 32,
      "minecraft:foil": true,
      "minecraft:food": {
        "nutrition": 8,
        "saturation_modifier": "supernatural",
        "can_always_eat": true,
        "effects": [
          {
            "name": "regeneration",
            "chance": 1.0,
            "duration": 30,
            "amplifier": 4
          },
          {
            "name": "health_boost",
            "chance": 1.0,
            "duration": 120, // 2 * 60
            "amplifier": 3
          },
          {
            "name": "resistance", // damage resistance
            "chance": 1.0,
            "duration": 300,
            "amplifier": 0
          },
          {
            "name": "fire_resistance",
            "chance": 1.0,
            "duration": 300,
            "amplifier": 0
          }
        ]
      }
    }
  }
}