{
  "format_version": "1.16.0",
  "minecraft:item": {
    "description": {
      "identifier": "minecraft:glow_berries"
    },

    "components": {
      "minecraft:use_duration": 32,
      "minecraft:food": {
        "nutrition": 5,
        "saturation_modifier": "poor",
        "is_meat":  false
      },
      "minecraft:seed": {
        "crop_result": "cave_vines",
        "plant_at": [
          "cave_vines",
          "cave_vines_head_with_berries"
        ],
        "plant_at_any_solid_surface": true,
        "plant_at_face":  "DOWN"
      }
    }
  }
}