{
  "format_version": "1.14",
  "minecraft:item": {
    "description": {
      "identifier": "minecraft:honey_bottle"
    },
    "components": {
      "minecraft:use_duration": 40,
      "minecraft:max_stack_size": 64,
      "minecraft:food": {
        "nutrition": 6,
        "saturation_modifier": "good",
        "can_always_eat": true,
        "using_converts_to": "glass_bottle",
        "remove_effects": [
          "poison",
          "wither",
          "blindness",
          "mining_fatigue"
        ]
      }
    }
  }
}