{
  "format_version": "1.10",
  "minecraft:item": {
    "description": {
      "identifier": "minecraft:speckled_melon"
    },

    "components": {
      "minecraft:stacked_by_data": true,
      "minecraft:use_duration": 32,
      "minecraft:foil": false,
  
      "minecraft:food": {
        "nutrition": 8,
        "saturation_modifier": "good",
        "can_always_eat": true,
        "effects": [
          {
            "name": "village_hero",
            "chance": 1.0,
            "duration": 600,
            "amplifier": 2
          }
        ]
      }
    }
  }
}