{
  "format_version": "1.10",
  "minecraft:item": {
    "description": {
      "identifier": "minecraft:sugar"
    },
    
    "components": {
      "minecraft:use_duration": 32,
      "minecraft:food": {
        "nutrition": 1,
        "can_always_eat": true,
        "saturation_modifier": "low",
        "effects": [
          {
            "name": "speed",
            "chance": 1.0,
            "duration": 60,
            "amplifier": 4
          }
        ]
      }
    }
  }
}