{
  "pools": [
    {
      "rolls": {
        "min": 1,
        "max": 5
      },
      "entries": [
        {
          "type": "item",
          "weight": 6,
          "functions": [
            {
              "function": "set_damage",
              "damage": {
                "min": 0,
                "max": 0.12
              }
            }
          ],
          "name": "minecraft:leather_helmet"
        },
        {
          "type": "item",
          "weight": 6,
          "functions": [
            {
              "function": "set_damage",
              "damage": {
                "min": 0,
                "max": 0.56
              }
            }
          ],
          "name": "minecraft:leather_chestplate"
        },
        {
          "type": "item",
          "weight": 6,
          "functions": [
            {
              "function": "set_damage",
              "damage": {
                "min": 0,
                "max": 0.24
              }
            }
          ],
          "name": "minecraft:leather_leggings"
        },
        {
          "type": "item",
          "weight": 6,
          "functions": [
            {
              "function": "set_damage",
              "damage": {
                "min": 0,
                "max": 0.03
              }
            }
          ],
          "name": "minecraft:leather_boots"
        }
      ]
    }
  ]
}