{
  "pools": [
    {
      "rolls": {
        "min": 3,
        "max": 8
      },
      "entries": [
        {
          "type": "item",
          "weight": 2,
          "functions": [
            {
              "function": "set_count",
              "count": {
                "min": 0,
                "max": 2
              }
            }
          ],
          "name": "minecraft:ender_pearl"
        },
        {
          "type": "item",
          "weight": 2,
          "functions": [
            {
              "function": "set_data",
              "data": 22
            }
          ],
          "name": "minecraft:potion"
        },
        {
          "type": "item",
          "functions": [
            {
              "function": "minecraft:set_count",
              "count": {
                "min": 1,
                "max": 2
              }
            }
          ],
          "name": "minecraft:gold_ingot"
        },
        {
          "type": "item",
          "functions": [
            {
              "function": "minecraft:set_count",
              "count": {
                "min": 1,
                "max": 4
              }
            }
          ],
          "name": "minecraft:emerald"
        }
      ]
    }
  ]
}