{
  "type": "minecraft:chest",
  "pools": [
    {
      "rolls": {
        "min": 1,
        "max": 5
      },
      "entries": [
        {
          "type": "item",
          "functions": [
            {
              "function": "minecraft:set_count",
              "count": {
                "min": 12,
                "max": 36
              }
            }
          ],
          "name": "minecraft:brick"
        },
        {
          "type": "item",
          "weight": 4,
          "functions": [
            {
              "function": "minecraft:set_count",
              "count": {
                "min": 1,
                "max": 4
              }
            }
          ],
          "name": "minecraft:brick_block"
        },
        {
          "type": "item",
          "weight": 4,
          "functions": [
            {
              "function": "minecraft:set_count",
              "count": {
                "min": 16,
                "max": 18
              }
            }
          ],
          "name": "minecraft:stone"
        },
        {
          "type": "item",
          "weight": 4,
          "functions": [
            {
              "function": "minecraft:set_count",
              "count": {
                "min": 16,
                "max": 64
              }
            }
          ],
          "name": "minecraft:cobblestone"
        },
        {
          "type": "item",
          "weight": 4,
          "functions": [
            {
              "function": "minecraft:set_count",
              "count": {
                "min": 4,
                "max": 6
              }
            }
          ],
          "name": "minecraft:smooth_stone"
        }
      ]
    }
  ]
}