{
  "pools": [
    {
      "rolls": {
        "min": 3,
        "max": 8
      },
      "entries": [
        {
          "type": "item",
          "name": "minecraft:diamond",
          "functions": [
            {
              "function": "set_count",
              "count": {
                "min": 4,
                "max": 5
              }
            }
          ],
          "weight": 3
        },
        {
          "type": "item",
          "name": "minecraft:iron_ingot",
          "functions": [
            {
              "function": "set_count",
              "count": {
                "min": 4,
                "max": 8
              }
            }
          ],
          "weight": 10
        },
        {
          "type": "item",
          "name": "minecraft:gold_ingot",
          "functions": [
            {
              "function": "set_count",
              "count": {
                "min": 1,
                "max": 3
              }
            }
          ],
          "weight": 5
        },
        {
          "type": "item",
          "name": "minecraft:emerald",
          "functions": [
            {
              "function": "set_count",
              "count": {
                "min": 4,
                "max": 5
              }
            }
          ],
          "weight": 15
        },
        {
          "type": "item",
          "name": "minecraft:iron_chestplate",
          "weight": 5
        },
        {
          "type": "item",
          "name": "minecraft:iron_helmet",
          "weight": 5
        },
        {
          "type": "item",
          "name": "minecraft:iron_leggings",
          "weight": 5
        },
        {
          "type": "item",
          "name": "minecraft:iron_boots",
          "weight": 5
        },
        {
          "type": "item",
          "name": "minecraft:copper_ingot",
          "functions": [
            {
              "function": "set_count",
              "count": {
                "min": 10,
                "max": 12
              }
            }
          ],
          "weight": 5
        }
      ]
    }
  ]
}