{
    "format_version": "1.12",
    "minecraft:recipe_shapeless": {
        "description": {
            "identifier": "smithing:reinforced_deepslate"
        },
        "tags": [
            "smithing_table"
        ],
        "ingredients": [
            {
                "item": "minecraft:deepslate"
            },
            {
                "item": "minecraft:netherite_scrap"
            }
        ],
        "result": {
            "item": "minecraft:reinforced_deepslate",
            "count": 1
        }
    }
}