{
    "format_version": "1.12",
    "minecraft:recipe_shaped": {
        "tags": [
            "crafting_table"
        ],
        "pattern": [
            "#",
            "S",
            "F"
        ],
        "key": {
            "#": {
                "item": "minecraft:flint"
            },
            "S": {
                "item": "minecraft:stick",
                "data": 0
            },
            "F": {
                "item": "minecraft:feather"
            }
        },
        "result": {
            "item": "minecraft:arrow",
            "data": 0,
            "count": 6
        },
        "description": {
            "identifier": "minecraft:arrow"
        }
    }
}