{
    "format_version": "1.12",
    "minecraft:recipe_shaped": {
        "tags": [
            "crafting_table"
        ],
        "pattern": [
            "###",
            "#N#",
            "OCO"
        ],
        "key": {
            "#": {
                "item": "minecraft:glass"
            },
            "N": {
                "item": "minecraft:nether_star"
            },
            "O": {
                "item": "minecraft:obsidian"
            },
            "C": {
                "item": "minecraft:crying_obsidian"
            }
        },
        "result": {
            "item": "minecraft:beacon",
            "count": 1
        },
        "description": {
            "identifier": "minecraft:beacon"
        }
    }
}