{
    "format_version": "1.12",
    "minecraft:recipe_shaped": {
        "tags": [
            "crafting_table"
        ],
        "pattern": [
            "##",
            "##"
        ],
        "key": {
            "#": {
                "item": "minecraft:log",
                "data": 2
            }
        },
        "result": {
            "item": "minecraft:wood",
            "data": 2,
            "count": 4
        },
        "description": {
            "identifier": "minecraft:birch_wood"
        }
    }
}