{
    "format_version": "1.12",
    "minecraft:recipe_shaped": {
        "tags": [
            "crafting_table"
        ],
        "pattern": [
            "cic",
            "iFi",
            "SVS"
        ],
        "key": {
            "c": {
                "item": "minecraft:copper_ingot"
            },
            "i": {
                "item": "minecraft:iron_ingot"
            },
            "F": {
                "item": "minecraft:furnace"
            },
            "S": {
                "item": "minecraft:stone",
                "data": 0
            },
            "V": {
                "item": "minecraft:smooth_stone"
            }
        },
        "result": {
            "item": "minecraft:blast_furnace",
            "count": 1
        },
        "description": {
            "identifier": "minecraft:blast_furnace"
        }
    }
}