{
    "format_version": "1.12",
    "minecraft:recipe_shaped": {
        "tags": [
            "crafting_table"
        ],
        "pattern": [
            "#",
            "P"
        ],
        "key": {
            "#": {
                "item": "minecraft:leather"
            },
            "P": {
                "item": "minecraft:paper"
            }
        },
        "result": {
            "item": "minecraft:book",
            "count": 1
        },
        "description": {
            "identifier": "minecraft:book"
        }
    }
}