{
    "format_version": "1.12",
    "minecraft:recipe_shaped": {
        "tags": [
            "crafting_table"
        ],
        "pattern": [
            " #S",
            "I S",
            " #S"
        ],
        "key": {
            "#": {
                "item": "minecraft:stick",
                "data": 0
            },
            "S": {
                "item": "minecraft:string"
            },
            "I": {
                "item": "minecraft:iron_nugget"
            }
        },
        "result": {
            "item": "minecraft:bow",
            "count": 1
        },
        "description": {
            "identifier": "minecraft:bow"
        }
    }
}