{
    "format_version": "1.12",
    "minecraft:recipe_shaped": {
        "tags": [
            "crafting_table"
        ],
        "pattern": [
            "###",
            "###"
        ],
        "key": {
            "#": {
                "item": "minecraft:crimson_planks"
            }
        },
        "result": {
            "item": "minecraft:crimson_trapdoor",
            "count": 6
        },
        "description": {
            "identifier": "minecraft:crimson_trapdoor"
        }
    }
}