{
    "format_version": "1.12",
    "minecraft:recipe_shapeless": {
        "tags": [
            "crafting_table"
        ],
        "ingredients": [
            {
                "item": "minecraft:white_dye"
            },
            {
                "item": "minecraft:cobblestone"
            }
        ],
        "result": {
            "item": "minecraft:stone",
            "data": 3,
            "count": 1
        },
        "description": {
            "identifier": "minecraft:diorite"
        }
    }
}