{
    "format_version": "1.12",
    "minecraft:recipe_shaped": {
        "tags": [
            "crafting_table"
        ],
        "pattern": [
            " # ",
            "DWD",
            "OCO"
        ],
        "key": {
            "#": {
                "item": "minecraft:book",
                "data": 0
            },
            "D": {
                "item": "minecraft:diamond"
            },
            "W": {
                "item": "minecraft:wool",
                "data": 14
            },
            "O": {
                "item": "minecraft:obsidian"
            },
            "C": {
                "item": "minecraft:crying_obsidian"
            }
        },
        "result": {
            "item": "minecraft:enchanting_table",
            "count": 1
        },
        "description": {
            "identifier": "minecraft:enchanting_table"
        }
    }
}