{
    "format_version": "1.12",
    "minecraft:recipe_shaped": {
        "tags": [
            "crafting_table"
        ],
        "pattern": [
            "#E",
            " B"
        ],
        "key": {
            "#": {
                "item": "minecraft:gold_nugget"
            },
            "E": {
                "item": "minecraft:ender_pearl"
            },
            "B": {
                "item": "minecraft:blaze_powder"
            }
        },
        "result": {
            "item": "minecraft:ender_eye",
            "count": 1
        },
        "description": {
            "identifier": "minecraft:ender_eye"
        }
    }
}