{
    "format_version": "1.12",
    "minecraft:recipe_shaped": {
        "tags": [
            "crafting_table"
        ],
        "pattern": [
            "###",
            "# #",
            "###"
        ],
        "key": {
            "#": {
                "item": "minecraft:stone",
                "data": 0
            }
        },
        "result": {
            "item": "minecraft:furnace",
            "count": 1
        },
        "description": {
            "identifier": "minecraft:furnace"
        }
    }
}