{
    "format_version": "1.12",
    "minecraft:recipe_shaped": {
        "tags": [
            "crafting_table"
        ],
        "pattern": [
            "#g#",
            "gAg",
            "#g#"
        ],
        "key": {
            "#": {
                "item": "minecraft:gold_nugget"
            },
            "g": {
                "item": "minecraft:gold_ingot"
            },
            "A": {
                "item": "minecraft:apple"
            }
        },
        "result": {
            "item": "minecraft:golden_apple",
            "count": 1
        },
        "description": {
            "identifier": "minecraft:golden_apple"
        }
    }
}