{
    "format_version": "1.12",
    "minecraft:recipe_shaped": {
        "tags": [
            "crafting_table"
        ],
        "pattern": [
            "ggg",
            "gCg",
            "ggg"
        ],
        "key": {
            "g": {
                "item": "minecraft:gold_ingot"
            },
            "C": {
                "item": "minecraft:carrot"
            }
        },
        "result": {
            "item": "minecraft:golden_carrot",
            "count": 1
        },
        "description": {
            "identifier": "minecraft:golden_carrot"
        }
    }
}