{
    "format_version": "1.12",
    "minecraft:recipe_shaped": {
        "tags": [
            "crafting_table"
        ],
        "pattern": [
            "i i",
            "iCi",
            " i "
        ],
        "key": {
            "i": {
                "item": "minecraft:iron_ingot"
            },
            "C": {
                "item": "minecraft:chest"
            }
        },
        "result": {
            "item": "minecraft:hopper",
            "count": 2
        },
        "description": {
            "identifier": "minecraft:hopper"
        }
    }
}