{
    "format_version": "1.12",
    "minecraft:recipe_shapeless": {
        "tags": [
            "crafting_table"
        ],
        "ingredients": [
            {
                "item": "minecraft:gold_ingot"
            },
            {
                "item": "minecraft:iron_ingot"
            },
            {
                "item": "minecraft:copper_ingot"
            },
            {
                "item": "minecraft:emerald"
            },
            {
                "item": "minecraft:diamond"
            },
            {
                "item": "minecraft:netherite_scrap"
            }
        ],
        "result": {
            "item": "minecraft:netherite_ingot",
            "count": 1
        },
        "description": {
            "identifier": "minecraft:nethrite_ingot"
        }
    }
}