{
    "format_version": "1.12",
    "minecraft:recipe_shaped": {
        "description": {
            "identifier": "minecraft:netherite_ingot"
        },
        "tags": [
            "crafting_table"
        ],
        "pattern": [
            "#N#",
            "NgN",
            "#N#"
        ],
        "key": {
            "#": {
                "item": "minecraft:diamond"
            },
            "N": {
                "item": "minecraft:netherite_scrap"
            },
            "g": {
                "item": "minecraft:gold_ingot"
            }
        },
        "result": {
            "item": "minecraft:netherite_ingot",
            "count": 1
        }
    }
}