{
    "format_version": "1.12",
    "minecraft:recipe_shaped": {
        "tags": [
            "crafting_table"
        ],
        "pattern": [
            "#  ",
            "## ",
            "###"
        ],
        "key": {
            "#": {
                "item": "minecraft:stone",
                "data": 2
            }
        },
        "result": {
            "item": "minecraft:polished_granite_stairs",
            "count": 8
        },
        "description": {
            "identifier": "minecraft:polished_granite_stairs"
        }
    }
}