{
    "format_version": "1.12",
    "minecraft:recipe_shaped": {
        "tags": [
            "crafting_table"
        ],
        "pattern": [
            "#A#",
            "AGA",
            "#A#"
        ],
        "key": {
            "#": {
                "item": "minecraft:amethyst_block"
            },
            "A": {
                "item": "minecraft:amethyst_shard"
            },
            "G": {
                "item": "minecraft:glass"
            }
        },
        "result": {
            "item": "minecraft:tinted_glass",
            "count": 8
        },
        "description": {
            "identifier": "minecraft:tinted_glass"
        }
    }
}