{
    "format_version": "1.12",
    "minecraft:recipe_shaped": {
        "tags": [
            "crafting_table"
        ],
        "pattern": [
            "#G#",
            "G#G",
            "#G#"
        ],
        "key": {
            "#": {
                "item": "minecraft:paper"
            },
            "G": {
                "item": "minecraft:gunpowder"
            }
        },
        "result": {
            "item": "minecraft:tnt",
            "count": 2
        },
        "description": {
            "identifier": "minecraft:tnt"
        }
    }
}